pair,scenario,cell,rep,sysctl,dur_s,pkt_size,threads,scenario_iface,scenario_mac,pps_sent,pps_recv,cycles,instructions,branches,branch_misses,cycles_per_pkt,ins_per_pkt,branch_miss_per_pkt,recv_sys_pct,recv_soft_pct,rps,rfs,cake,flower,kernel_has_sysctl,status
pi5-pair,eth_ip,cell-01,1,0,30,64,2,end0,2c:cf:67:31:df:b7,385615,385952,216589861,331330566,62677379,369796,18.71,28.62,0.0319,0.06,27.09,1,1,0,0,no,ok
pi5-pair,eth_ip,cell-01,2,0,30,64,2,end0,2c:cf:67:31:df:b7,373152,373481,148997052,219582436,41555941,254983,13.30,19.60,0.0228,0.06,24.26,1,1,0,0,no,ok
pi5-pair,eth_ip,cell-01,3,0,30,64,2,end0,2c:cf:67:31:df:b7,373483,373727,88937808,120375952,22755032,164065,7.93,10.74,0.0146,0.08,27.55,1,1,0,0,no,ok
pi5-pair,eth_ip,cell-02,1,1,30,64,2,end0,2c:cf:67:31:df:b7,372657,372994,43444738,49089218,9254715,110481,3.88,4.39,0.0099,0.09,28.79,1,1,0,0,no,ok
pi5-pair,eth_ip,cell-02,2,1,30,64,2,end0,2c:cf:67:31:df:b7,371900,372223,55345826,68116180,12802001,121519,4.96,6.10,0.0109,0.06,27.09,1,1,0,0,no,ok
pi5-pair,eth_ip,cell-02,3,1,30,64,2,end0,2c:cf:67:31:df:b7,372550,372812,229046144,374434313,70567005,416277,20.48,33.48,0.0372,0.07,27.67,1,1,0,0,no,ok
pi5-pair,vlan,cell-01,1,0,30,64,2,vlan100,2c:cf:67:31:df:b7,373070,373376,40133120,42489575,7973924,123588,3.58,3.79,0.0110,0.10,32.50,1,1,0,0,no,ok
pi5-pair,vlan,cell-01,2,0,30,64,2,vlan100,2c:cf:67:31:df:b7,373395,373653,259755133,427916016,80646674,408375,23.17,38.17,0.0364,0.09,29.76,1,1,0,0,no,ok
pi5-pair,vlan,cell-01,3,0,30,64,2,vlan100,2c:cf:67:31:df:b7,372380,372689,125149487,170033033,31790519,213695,11.19,15.21,0.0191,0.08,29.73,1,1,0,0,no,ok
pi5-pair,vlan,cell-02,1,1,30,64,2,vlan100,2c:cf:67:31:df:b7,372461,372790,40793521,44111448,8303761,111545,3.65,3.94,0.0100,0.08,31.12,1,1,0,0,no,ok
pi5-pair,vlan,cell-02,2,1,30,64,2,vlan100,2c:cf:67:31:df:b7,372358,372696,39303867,44319931,8308980,88843,3.52,3.96,0.0079,0.03,28.32,1,1,0,0,no,ok
pi5-pair,vlan,cell-02,3,1,30,64,2,vlan100,2c:cf:67:31:df:b7,372422,372748,49725136,53828886,10090129,121884,4.45,4.81,0.0109,0.07,29.89,1,1,0,0,no,ok
pi5-pair,qinq,cell-01,1,0,30,64,2,cvlan100,2c:cf:67:31:df:b7,372934,373172,339520205,536522608,101067589,538053,30.33,47.92,0.0481,0.06,26.52,1,1,0,0,no,ok
pi5-pair,qinq,cell-01,2,0,30,64,2,cvlan100,2c:cf:67:31:df:b7,372650,372987,125711642,165729350,30944695,210198,11.23,14.81,0.0188,0.08,29.39,1,1,0,0,no,ok
pi5-pair,qinq,cell-01,3,0,30,64,2,cvlan100,2c:cf:67:31:df:b7,371936,372248,80870804,104571132,19634734,170008,7.24,9.36,0.0152,0.04,27.96,1,1,0,0,no,ok
pi5-pair,qinq,cell-02,1,1,30,64,2,cvlan100,2c:cf:67:31:df:b7,373337,373637,53416187,59493887,11145049,136633,4.77,5.31,0.0122,0.10,31.14,1,1,0,0,no,ok
pi5-pair,qinq,cell-02,2,1,30,64,2,cvlan100,2c:cf:67:31:df:b7,373690,374012,42921423,48221222,9071658,123889,3.83,4.30,0.0110,0.08,33.38,1,1,0,0,no,ok
pi5-pair,qinq,cell-02,3,1,30,64,2,cvlan100,2c:cf:67:31:df:b7,372754,372924,356053731,575932246,108535834,573228,31.83,51.48,0.0512,0.07,25.53,1,1,0,0,no,ok
pi5-pair,mpls,cell-01,1,0,30,64,2,lo,2c:cf:67:31:df:b7,373833,374163,55840658,62031973,11622433,116216,4.97,5.53,0.0104,0.07,27.05,1,1,0,0,no,ok
pi5-pair,mpls,cell-01,2,0,30,64,2,lo,2c:cf:67:31:df:b7,372819,373148,37569597,40657551,7657591,89438,3.36,3.63,0.0080,0.05,29.48,1,1,0,0,no,ok
pi5-pair,mpls,cell-01,3,0,30,64,2,lo,2c:cf:67:31:df:b7,372468,372800,41611793,46779528,8818940,95214,3.72,4.18,0.0085,0.03,29.00,1,1,0,0,no,ok
pi5-pair,mpls,cell-02,1,1,30,64,2,lo,2c:cf:67:31:df:b7,372583,372914,42451396,44409630,8316014,104328,3.79,3.97,0.0093,0.07,29.96,1,1,0,0,no,ok
pi5-pair,mpls,cell-02,2,1,30,64,2,lo,2c:cf:67:31:df:b7,372385,372721,73695593,79893222,14952128,130494,6.59,7.15,0.0117,0.12,27.09,1,1,0,0,no,ok
pi5-pair,mpls,cell-02,3,1,30,64,2,lo,2c:cf:67:31:df:b7,372850,373195,42612114,46618443,8760911,103258,3.81,4.16,0.0092,0.08,29.87,1,1,0,0,no,ok
pi5-pair,ipip,cell-01,1,0,30,64,2,ipip0,2c:cf:67:31:df:b7,372236,372555,40756947,45527983,8611694,107933,3.65,4.07,0.0097,0.11,31.09,1,1,0,0,no,ok
pi5-pair,ipip,cell-01,2,0,30,64,2,ipip0,2c:cf:67:31:df:b7,373550,373874,39385996,43591485,8220196,101711,3.51,3.89,0.0091,0.09,29.68,1,1,0,0,no,ok
pi5-pair,ipip,cell-01,3,0,30,64,2,ipip0,2c:cf:67:31:df:b7,372022,372335,28291625,28144918,5317262,96565,2.53,2.52,0.0086,0.08,32.30,1,1,0,0,no,ok
pi5-pair,ipip,cell-02,1,1,30,64,2,ipip0,2c:cf:67:31:df:b7,373693,374018,29651071,32392834,6144511,101969,2.64,2.89,0.0091,0.07,31.55,1,1,0,0,no,ok
pi5-pair,ipip,cell-02,2,1,30,64,2,ipip0,2c:cf:67:31:df:b7,373620,373935,42607008,47312770,8925880,97417,3.80,4.22,0.0087,0.06,28.02,1,1,0,0,no,ok
pi5-pair,ipip,cell-02,3,1,30,64,2,ipip0,2c:cf:67:31:df:b7,373104,373427,58307415,78562113,14893937,132785,5.20,7.01,0.0119,0.06,27.21,1,1,0,0,no,ok
pi5-pair,gre,cell-01,1,0,30,64,2,gretest0,2c:cf:67:31:df:b7,372698,373033,100248548,131678041,24862818,177839,8.96,11.77,0.0159,0.13,27.46,1,1,0,0,no,ok
pi5-pair,gre,cell-01,2,0,30,64,2,gretest0,2c:cf:67:31:df:b7,373019,373269,87084846,113426592,21388637,149863,7.78,10.13,0.0134,0.05,27.76,1,1,0,0,no,ok
pi5-pair,gre,cell-01,3,0,30,64,2,gretest0,2c:cf:67:31:df:b7,372582,372928,59251413,65752118,12368074,114048,5.30,5.88,0.0102,0.03,28.25,1,1,0,0,no,ok
pi5-pair,gre,cell-02,1,1,30,64,2,gretest0,2c:cf:67:31:df:b7,372956,373290,112784404,157180932,29706208,193482,10.07,14.04,0.0173,0.08,28.36,1,1,0,0,no,ok
pi5-pair,gre,cell-02,2,1,30,64,2,gretest0,2c:cf:67:31:df:b7,372342,372675,39633131,44954157,8504531,86686,3.54,4.02,0.0078,0.03,28.62,1,1,0,0,no,ok
pi5-pair,gre,cell-02,3,1,30,64,2,gretest0,2c:cf:67:31:df:b7,372371,372696,98994964,128312488,24072439,180367,8.85,11.48,0.0161,0.10,30.48,1,1,0,0,no,ok
