pair,scenario,cell,sysctl,dur_s,pkt_size,threads,scenario_iface,scenario_mac,pps_sent,pps_recv,cycles,instructions,branches,branch_misses,cycles_per_pkt,ins_per_pkt,branch_miss_per_pkt,recv_sys_pct,recv_soft_pct,rps,rfs,cake,flower,kernel_has_sysctl,status
hp1-hp3,vlan,cell-01,0,60,64,2,vlan100,98:f2:b3:df:1c:70,4160766,3583813,499165237017,523708907241,97830553379,245045164,2321.39,2435.53,1.1396,9.56,30.33,1,1,1,1,yes,ok
hp1-hp3,vlan,cell-02,1,60,64,2,vlan100,98:f2:b3:df:1c:70,4141134,3608723,474880903871,502670364093,93891904866,235331012,2193.21,2321.55,1.0869,9.36,29.48,1,1,1,1,yes,ok
hp1-hp3,qinq,cell-01,0,60,64,2,cvlan100,98:f2:b3:df:1c:70,4151064,3631917,479600946222,505800136862,94451637210,239685911,2200.86,2321.09,1.0999,9.29,30.25,1,1,1,1,yes,ok
hp1-hp3,qinq,cell-02,1,60,64,2,cvlan100,98:f2:b3:df:1c:70,4117819,3582586,482188834265,509629035063,95233592689,237850407,2243.21,2370.86,1.1065,9.28,30.02,1,1,1,1,yes,ok
hp1-hp3,vxlan,cell-01,0,60,64,2,vxlan10,e6:8d:a5:c0:40:9e,4121294,0,2075199,1500085,303779,6032,103759.95,75004.25,301.6000,0.02,0.00,1,1,1,1,yes,ok
hp1-hp3,vxlan,cell-02,1,60,64,2,vxlan10,e6:8d:a5:c0:40:9e,4125568,0,1910829,1465984,302805,6152,382165.80,293196.80,1230.4000,0.03,0.00,1,1,1,1,yes,ok
hp1-hp3,mpls,cell-01,0,60,64,2,lo,98:f2:b3:df:1c:70,4137088,3570196,483726473161,512462980189,95669559598,239103305,2258.17,2392.32,1.1162,9.42,29.27,1,1,1,1,yes,ok
hp1-hp3,mpls,cell-02,1,60,64,2,lo,98:f2:b3:df:1c:70,4180981,3589218,498314301008,522361087296,97548144361,246512564,2313.94,2425.60,1.1447,9.76,30.01,1,1,1,1,yes,ok
hp1-hp3,ipip,cell-01,0,60,64,2,ipip0,98:f2:b3:df:1c:70,4163443,3563441,503827252138,526056985261,98247203510,248876652,2356.46,2460.43,1.1640,9.97,30.25,1,1,1,1,yes,ok
hp1-hp3,ipip,cell-02,1,60,64,2,ipip0,98:f2:b3:df:1c:70,4153871,3591281,495619376773,520327396699,97195450960,248932748,2300.10,2414.77,1.1553,9.67,30.28,1,1,1,1,yes,ok
hp1-hp3,gre,cell-01,0,60,64,2,gretest0,98:f2:b3:df:1c:70,4144939,3491873,494782817124,520374756830,97197413514,242861006,2361.59,2483.74,1.1592,9.93,29.26,1,1,1,1,yes,ok
hp1-hp3,gre,cell-02,1,60,64,2,gretest0,98:f2:b3:df:1c:70,4169129,3533525,482209912824,509204273480,95088183492,238308165,2274.45,2401.78,1.1240,9.74,29.18,1,1,1,1,yes,ok
hp1-hp3,geneve,cell-01,0,60,64,2,geneve10,6e:12:8e:60:66:fc,4113629,0,2108678,1490744,302624,5984,131792.38,93171.50,374.0000,0.02,0.00,1,1,1,1,yes,ok
hp1-hp3,geneve,cell-02,1,60,64,2,geneve10,6e:12:8e:60:66:fc,4131547,0,1826424,1388918,288368,5608,365284.80,277783.60,1121.6000,0.02,0.00,1,1,1,1,yes,ok
hp2-hp5,vlan,cell-01,0,60,64,2,vlan100,f8:f2:1e:38:ab:80,4013626,3003034,531547654053,516487472845,95312633033,129271489,2950.06,2866.48,0.7174,11.54,26.83,1,1,1,1,yes,ok
hp2-hp5,vlan,cell-02,1,60,64,2,vlan100,f8:f2:1e:38:ab:80,3996367,3001588,545472224458,528079185193,97474240652,132901240,3028.80,2932.22,0.7379,11.67,27.08,1,1,1,1,yes,ok
hp2-hp5,qinq,cell-01,0,60,64,2,cvlan100,f8:f2:1e:38:ab:80,3964708,2942077,536309520970,519794409428,95945107678,128474402,3038.16,2944.60,0.7278,11.50,26.55,1,1,1,1,yes,ok
hp2-hp5,qinq,cell-02,1,60,64,2,cvlan100,f8:f2:1e:38:ab:80,3971198,2950741,535164946896,522228320395,96386919281,128378495,3022.77,2949.70,0.7251,11.56,26.36,1,1,1,1,yes,ok
hp2-hp5,vxlan,cell-01,0,60,64,2,vxlan10,be:28:4e:2e:06:bc,3914867,0,2027332,1547202,313276,5926,126708.25,96700.12,370.3750,0.03,0.00,1,1,1,1,yes,ok
hp2-hp5,vxlan,cell-02,1,60,64,2,vxlan10,be:28:4e:2e:06:bc,3911185,0,2124744,1599131,323735,5756,708248.00,533043.67,1918.6667,0.03,0.01,1,1,1,1,yes,ok
hp2-hp5,mpls,cell-01,0,60,64,2,lo,f8:f2:1e:38:ab:80,3942771,2944751,534949671714,516589661898,95348613541,127806386,3027.70,2923.79,0.7234,11.51,26.81,1,1,1,1,yes,ok
hp2-hp5,mpls,cell-02,1,60,64,2,lo,f8:f2:1e:38:ab:80,3926082,2877944,529492050574,510938527395,94313173213,126107149,3066.38,2958.93,0.7303,11.39,26.16,1,1,1,1,yes,ok
hp2-hp5,ipip,cell-01,0,60,64,2,ipip0,f8:f2:1e:38:ab:80,3929129,2879602,537836747389,520543768972,96073918070,128860953,3112.91,3012.82,0.7458,11.60,26.23,1,1,1,1,yes,ok
hp2-hp5,ipip,cell-02,1,60,64,2,ipip0,f8:f2:1e:38:ab:80,3942629,2870992,537076383651,519021178006,95794444493,129300536,3117.83,3013.02,0.7506,11.58,26.46,1,1,1,1,yes,ok
hp2-hp5,gre,cell-01,0,60,64,2,gretest0,f8:f2:1e:38:ab:80,3960173,2960923,538217841372,524911941062,96894079524,131893321,3029.56,2954.66,0.7424,11.57,26.48,1,1,1,1,yes,ok
hp2-hp5,gre,cell-02,1,60,64,2,gretest0,f8:f2:1e:38:ab:80,3937542,2961126,535172381411,520005135520,96000754388,128945074,3012.21,2926.84,0.7258,11.38,26.72,1,1,1,1,yes,ok
hp2-hp5,geneve,cell-01,0,60,64,2,geneve10,8a:25:9f:c7:d9:7d,3909571,0,1242309,934007,189806,4770,77644.31,58375.44,298.1250,0.02,0.00,1,1,1,1,yes,ok
hp2-hp5,geneve,cell-02,1,60,64,2,geneve10,8a:25:9f:c7:d9:7d,3907748,0,1568542,1259352,252484,4545,522847.33,419784.00,1515.0000,0.02,0.00,1,1,1,1,yes,ok
