1781232761,51.6,2400000,0x0
1781232762,51.6,2400000,0x0
1781232763,51.6,2400000,0x0
1781232764,51.6,2400000,0x0
1781232765,52.1,2400000,0x0
1781232766,51.6,2400000,0x0
1781232767,52.1,2400000,0x0
1781232768,51.0,2400000,0x0
1781232769,51.0,2400000,0x0
1781232770,52.1,2400000,0x0
1781232771,50.5,2400000,0x0
1781232772,51.0,2400000,0x0
1781232773,51.6,2400000,0x0
1781232774,51.6,2400000,0x0
1781232775,52.7,2400000,0x0
1781232776,51.6,2400000,0x0
1781232777,52.1,2400000,0x0
1781232778,51.0,2400000,0x0
1781232779,51.0,2400000,0x0
1781232780,52.7,2400000,0x0
1781232781,51.0,2400000,0x0
1781232782,52.1,2400000,0x0
1781232783,51.6,2400000,0x0
1781232784,51.6,2400000,0x0
1781232785,51.6,2400000,0x0
1781232786,51.6,2400000,0x0
1781232787,52.7,2400000,0x0
1781232788,52.7,2400000,0x0
1781232789,52.1,2400000,0x0
1781232790,52.7,2400000,0x0
1781232791,52.7,2400000,0x0
1781232792,52.7,2400000,0x0
1781232793,51.6,2400000,0x0
1781232794,51.6,2400000,0x0
1781232795,51.6,2400000,0x0
1781232796,51.6,2400000,0x0
1781232797,53.2,2400000,0x0
1781232798,53.2,2400000,0x0
1781232799,52.7,2400000,0x0
1781232800,52.7,2400000,0x0
1781232801,52.7,2400000,0x0
1781232802,52.1,2400000,0x0
1781232804,52.7,2400000,0x0
1781232805,52.1,2400000,0x0
1781232806,52.1,2400000,0x0
1781232807,53.2,2400000,0x0
1781232808,52.1,2400000,0x0
1781232809,51.6,2400000,0x0
1781232810,53.2,2400000,0x0
1781232811,52.1,2400000,0x0
1781232812,51.6,2400000,0x0
1781232813,52.7,2400000,0x0
1781232814,52.7,2400000,0x0
1781232815,52.7,2400000,0x0
1781232816,51.0,2400000,0x0
1781232817,52.7,2400000,0x0
1781232818,51.6,2400000,0x0
1781232819,51.6,2400000,0x0
1781232820,53.2,2400000,0x0
1781232821,52.7,2400000,0x0
1781232822,52.1,2400000,0x0
1781232823,53.8,2400000,0x0
1781232824,52.1,2400000,0x0
1781232825,53.2,2400000,0x0
1781232826,51.6,2400000,0x0
1781232827,52.1,2400000,0x0
1781232828,53.8,2400000,0x0
1781232829,51.6,2400000,0x0
1781232830,51.6,2400000,0x0
1781232831,51.6,2400000,0x0
1781232832,53.2,2400000,0x0
1781232833,52.7,2400000,0x0
1781232834,52.7,2400000,0x0
1781232835,52.7,2400000,0x0
1781232836,52.7,2400000,0x0
1781232837,53.2,2400000,0x0
1781232838,53.2,2400000,0x0
1781232839,53.8,2400000,0x0
1781232840,53.2,2400000,0x0
1781232841,53.8,2400000,0x0
1781232842,53.2,2400000,0x0
1781232843,53.2,2400000,0x0
1781232844,51.6,2400000,0x0
1781232845,53.2,2400000,0x0
1781232846,53.2,2400000,0x0
1781232847,53.2,2400000,0x0
1781232848,52.7,2400000,0x0
1781232849,52.1,2400000,0x0
1781232850,53.2,2400000,0x0
1781232851,52.7,2400000,0x0
1781232852,52.1,2400000,0x0
1781232853,51.6,2400000,0x0
1781232854,53.8,2400000,0x0
1781232855,51.6,2400000,0x0
1781232856,52.1,2400000,0x0
1781232857,53.2,2400000,0x0
1781232858,52.7,2400000,0x0
1781232859,52.7,2400000,0x0
1781232860,52.1,2400000,0x0
1781232861,52.7,2400000,0x0
1781232862,53.8,2400000,0x0
1781232863,52.1,2400000,0x0
1781232864,53.8,2400000,0x0
1781232865,52.7,2400000,0x0
1781232866,53.8,2400000,0x0
1781232867,53.8,2400000,0x0
1781232868,52.1,2400000,0x0
1781232869,52.1,2400000,0x0
1781232870,52.7,2400000,0x0
1781232871,52.1,2400000,0x0
1781232873,52.7,2400000,0x0
1781232874,52.7,2400000,0x0
1781232875,53.8,2400000,0x0
1781232876,54.3,2400000,0x0
1781232877,52.1,2400000,0x0
1781232878,52.1,2400000,0x0
1781232879,53.8,2400000,0x0
1781232880,53.2,2400000,0x0
1781232881,52.7,2400000,0x0
1781232882,53.2,2400000,0x0
1781232883,52.7,2400000,0x0
1781232884,53.2,2400000,0x0
1781232885,52.1,2400000,0x0
1781232886,52.7,2400000,0x0
1781232887,53.8,2400000,0x0
1781232888,53.8,2400000,0x0
1781232889,54.3,2400000,0x0
1781232890,53.8,2400000,0x0
1781232891,52.7,2400000,0x0
1781232892,52.1,2400000,0x0
1781232893,53.8,2400000,0x0
1781232894,52.7,2400000,0x0
1781232895,54.3,2400000,0x0
1781232896,53.2,2400000,0x0
1781232897,55.4,2400000,0x0
1781232898,53.8,2400000,0x0
1781232899,53.8,2400000,0x0
1781232901,52.7,2400000,0x0
1781232902,52.7,2400000,0x0
1781232903,53.8,2400000,0x0
1781232904,52.1,2400000,0x0
1781232905,52.7,2400000,0x0
1781232906,52.7,2400000,0x0
1781232907,53.8,2400000,0x0
1781232908,53.8,2400000,0x0
1781232909,52.1,2400000,0x0
1781232910,53.2,2400000,0x0
1781232911,53.8,2400000,0x0
1781232912,53.8,2400000,0x0
1781232913,52.7,2400000,0x0
1781232914,53.8,2400000,0x0
1781232915,53.2,2400000,0x0
1781232916,52.7,2400000,0x0
1781232917,53.8,2400000,0x0
1781232918,54.9,2400000,0x0
1781232919,52.7,2400000,0x0
1781232920,53.2,2400000,0x0
1781232921,53.2,2400000,0x0
1781232922,53.8,2400000,0x0
1781232923,52.7,2400000,0x0
1781232924,53.2,2400000,0x0
1781232925,52.7,2400000,0x0
1781232926,53.8,2400000,0x0
1781232927,52.7,2400000,0x0
1781232928,53.8,2400000,0x0
1781232929,53.8,2400000,0x0
1781232930,53.2,2400000,0x0
1781232931,53.2,2400000,0x0
1781232932,53.8,2400000,0x0
1781232933,52.1,2400000,0x0
1781232935,53.2,2400000,0x0
1781232936,53.8,2400000,0x0
1781232937,53.8,2400000,0x0
1781232938,54.3,2400000,0x0
1781232939,53.2,2400000,0x0
1781232940,54.3,2400000,0x0
1781232941,53.8,2400000,0x0
1781232942,53.8,2400000,0x0
1781232943,52.1,2400000,0x0
1781232944,52.7,2400000,0x0
1781232945,52.7,2400000,0x0
1781232946,53.2,2400000,0x0
1781232947,53.8,2400000,0x0
1781232948,54.3,2400000,0x0
1781232949,53.8,2400000,0x0
1781232950,53.2,2400000,0x0
1781232951,53.8,2400000,0x0
1781232952,53.8,2400000,0x0
1781232953,53.8,2400000,0x0
1781232954,54.3,2400000,0x0
1781232955,54.3,2400000,0x0
1781232956,52.7,2400000,0x0
1781232957,54.3,2400000,0x0
1781232958,53.8,2400000,0x0
1781232959,52.7,2400000,0x0
1781232960,53.8,2400000,0x0
1781232961,52.7,2400000,0x0
1781232962,54.3,2400000,0x0
1781232963,54.3,2400000,0x0
1781232964,53.8,2400000,0x0
1781232965,54.3,2400000,0x0
1781232967,53.2,2400000,0x0
1781232968,53.8,2400000,0x0
1781232969,53.8,2400000,0x0
1781232970,53.2,2400000,0x0
1781232971,52.7,2400000,0x0
1781232972,53.8,2400000,0x0
1781232973,52.7,2400000,0x0
1781232974,53.2,2400000,0x0
1781232975,54.3,2400000,0x0
1781232976,52.7,2400000,0x0
1781232977,53.2,2400000,0x0
1781232978,53.2,2400000,0x0
1781232979,54.3,2400000,0x0
1781232980,53.2,2400000,0x0
1781232981,54.3,2400000,0x0
1781232982,54.3,2400000,0x0
1781232983,52.7,2400000,0x0
1781232984,53.2,2400000,0x0
1781232985,53.8,2400000,0x0
1781232986,54.3,2400000,0x0
1781232987,54.3,2400000,0x0
1781232988,53.8,2400000,0x0
1781232989,53.2,2400000,0x0
1781232991,53.2,2400000,0x0
1781232992,53.8,2400000,0x0
1781232993,54.3,2400000,0x0
1781232994,54.3,2400000,0x0
1781232995,52.7,2400000,0x0
1781232996,53.8,2400000,0x0
1781232997,53.8,2400000,0x0
1781232998,53.2,2400000,0x0
1781232999,53.8,2400000,0x0
1781233000,53.8,2400000,0x0
1781233001,53.8,2400000,0x0
1781233002,54.3,2400000,0x0
1781233003,53.8,2400000,0x0
1781233004,54.9,2400000,0x0
1781233005,53.8,2400000,0x0
1781233006,52.7,2400000,0x0
1781233007,53.8,2400000,0x0
1781233008,52.7,2400000,0x0
1781233009,53.8,2400000,0x0
1781233010,54.3,2400000,0x0
1781233011,53.8,2400000,0x0
1781233012,54.3,2400000,0x0
1781233013,53.2,2400000,0x0
1781233014,53.2,2400000,0x0
1781233015,54.3,2400000,0x0
1781233016,52.1,2400000,0x0
1781233017,54.3,2400000,0x0
1781233018,54.3,2400000,0x0
1781233019,53.2,2400000,0x0
1781233020,54.3,2400000,0x0
1781233021,53.2,2400000,0x0
1781233022,53.2,2400000,0x0
1781233023,54.3,2400000,0x0
1781233025,53.2,2400000,0x0
1781233026,54.3,2400000,0x0
1781233027,54.3,2400000,0x0
1781233028,53.2,2400000,0x0
1781233029,54.3,2400000,0x0
1781233030,54.3,2400000,0x0
1781233031,54.3,2400000,0x0
1781233032,53.2,2400000,0x0
1781233033,54.3,2400000,0x0
1781233034,53.8,2400000,0x0
1781233035,54.3,2400000,0x0
1781233036,54.3,2400000,0x0
1781233037,54.9,2400000,0x0
1781233038,54.3,2400000,0x0
1781233039,53.8,2400000,0x0
1781233040,54.3,2400000,0x0
1781233041,54.9,2400000,0x0
1781233042,53.2,2400000,0x0
1781233043,54.3,2400000,0x0
1781233044,53.8,2400000,0x0
1781233045,52.7,2400000,0x0
1781233046,53.2,2400000,0x0
1781233047,54.3,2400000,0x0
1781233048,54.3,2400000,0x0
1781233049,54.3,2400000,0x0
1781233050,52.7,2400000,0x0
1781233051,54.3,2400000,0x0
1781233052,53.2,2400000,0x0
1781233054,54.3,2400000,0x0
1781233055,54.3,2400000,0x0
1781233056,53.2,2400000,0x0
1781233057,54.9,2400000,0x0
1781233058,53.8,2400000,0x0
1781233059,53.2,2400000,0x0
1781233060,53.8,2400000,0x0
1781233061,54.9,2400000,0x0
1781233062,54.9,2400000,0x0
1781233063,54.9,2400000,0x0
1781233064,53.2,2400000,0x0
1781233065,53.2,2400000,0x0
1781233066,54.3,2400000,0x0
1781233067,53.8,2400000,0x0
1781233068,54.3,2400000,0x0
1781233069,53.2,2400000,0x0
1781233070,52.7,2400000,0x0
1781233071,54.3,2400000,0x0
1781233072,53.8,2400000,0x0
1781233073,53.2,2400000,0x0
1781233074,54.9,2400000,0x0
1781233075,53.2,2400000,0x0
1781233076,54.3,2400000,0x0
1781233078,54.3,2400000,0x0
1781233079,54.9,2400000,0x0
1781233080,53.8,2400000,0x0
1781233081,54.9,2400000,0x0
1781233082,53.8,2400000,0x0
1781233083,54.3,2400000,0x0
1781233084,53.8,2400000,0x0
1781233085,54.3,2400000,0x0
1781233086,53.8,2400000,0x0
1781233087,53.2,2400000,0x0
1781233088,54.9,2400000,0x0
1781233089,53.8,2400000,0x0
1781233090,54.3,2400000,0x0
1781233091,54.9,2400000,0x0
1781233092,54.9,2400000,0x0
1781233093,54.9,2400000,0x0
1781233094,54.3,2400000,0x0
1781233095,54.9,2400000,0x0
1781233096,54.3,2400000,0x0
1781233097,52.7,2400000,0x0
1781233098,54.3,2400000,0x0
1781233099,54.3,2400000,0x0
1781233100,54.3,2400000,0x0
1781233101,54.3,2400000,0x0
1781233102,54.3,2400000,0x0
1781233103,53.2,2400000,0x0
1781233104,54.3,2400000,0x0
1781233105,53.8,2400000,0x0
1781233106,54.3,2400000,0x0
1781233108,53.2,2400000,0x0
1781233109,52.7,2400000,0x0
1781233110,54.3,2400000,0x0
1781233111,54.3,2400000,0x0
1781233112,54.3,2400000,0x0
1781233113,54.3,2400000,0x0
1781233114,54.3,2400000,0x0
1781233115,54.9,2400000,0x0
1781233116,53.2,2400000,0x0
1781233117,54.9,2400000,0x0
1781233118,54.9,2400000,0x0
1781233119,55.4,2400000,0x0
1781233120,53.2,2400000,0x0
1781233121,54.9,2400000,0x0
1781233122,54.3,2400000,0x0
1781233123,54.3,2400000,0x0
1781233124,53.8,2400000,0x0
1781233125,54.3,2400000,0x0
1781233126,53.2,2400000,0x0
1781233127,53.2,2400000,0x0
1781233129,54.3,2400000,0x0
1781233130,53.8,2400000,0x0
1781233131,53.8,2400000,0x0
1781233132,54.3,2400000,0x0
1781233133,54.3,2400000,0x0
1781233134,53.8,2400000,0x0
1781233135,54.9,2400000,0x0
1781233136,54.9,2400000,0x0
1781233137,53.2,2400000,0x0
1781233138,53.2,2400000,0x0
1781233139,53.2,2400000,0x0
1781233140,55.4,2400000,0x0
1781233141,53.8,2400000,0x0
1781233142,53.8,2400000,0x0
1781233143,54.3,2400000,0x0
1781233144,53.8,2400000,0x0
1781233145,54.3,2400000,0x0
1781233146,53.8,2400000,0x0
1781233147,54.3,2400000,0x0
1781233148,53.2,2400000,0x0
1781233149,55.4,2400000,0x0
1781233150,53.2,2400000,0x0
1781233151,54.9,2400000,0x0
1781233152,54.3,2400000,0x0
1781233153,54.3,2400000,0x0
1781233154,53.2,2400000,0x0
1781233155,53.2,2400000,0x0
1781233156,53.2,2400000,0x0
1781233157,53.8,2400000,0x0
1781233158,54.3,2400000,0x0
1781233159,54.3,2400000,0x0
1781233161,54.3,2400000,0x0
1781233162,53.2,2400000,0x0
1781233163,54.3,2400000,0x0
1781233164,54.9,2400000,0x0
1781233165,54.3,2400000,0x0
1781233166,54.9,2400000,0x0
1781233167,55.4,2400000,0x0
1781233168,54.3,2400000,0x0
1781233169,54.9,2400000,0x0
1781233170,54.3,2400000,0x0
1781233171,53.8,2400000,0x0
1781233172,54.3,2400000,0x0
1781233173,53.2,2400000,0x0
1781233174,53.8,2400000,0x0
1781233175,53.2,2400000,0x0
1781233176,53.2,2400000,0x0
1781233177,54.3,2400000,0x0
1781233178,53.2,2400000,0x0
1781233179,55.4,2400000,0x0
1781233180,53.8,2400000,0x0
1781233181,53.8,2400000,0x0
1781233182,53.8,2400000,0x0
1781233183,53.8,2400000,0x0
1781233184,54.9,2400000,0x0
1781233185,54.9,2400000,0x0
1781233186,54.3,2400000,0x0
1781233187,54.3,2400000,0x0
1781233188,53.8,2400000,0x0
1781233189,54.9,2400000,0x0
1781233190,55.4,2400000,0x0
1781233191,54.3,2400000,0x0
1781233192,54.9,2400000,0x0
1781233193,54.3,2400000,0x0
1781233195,54.3,2400000,0x0
1781233196,54.9,2400000,0x0
1781233197,54.9,2400000,0x0
1781233198,54.9,2400000,0x0
1781233199,53.2,2400000,0x0
1781233200,54.9,2400000,0x0
1781233201,54.9,2400000,0x0
1781233202,54.9,2400000,0x0
1781233203,53.8,2400000,0x0
1781233204,54.9,2400000,0x0
1781233205,53.8,2400000,0x0
1781233206,54.9,2400000,0x0
1781233207,55.4,2400000,0x0
1781233208,55.4,2400000,0x0
1781233209,54.3,2400000,0x0
1781233210,53.8,2400000,0x0
1781233211,53.8,2400000,0x0
1781233212,53.2,2400000,0x0
1781233213,54.3,2400000,0x0
1781233214,54.3,2400000,0x0
1781233215,53.2,2400000,0x0
1781233216,55.4,2400000,0x0
1781233217,53.8,2400000,0x0
1781233218,54.9,2400000,0x0
1781233219,54.9,2400000,0x0
1781233220,54.9,2400000,0x0
1781233221,53.8,2400000,0x0
1781233222,54.9,2400000,0x0
1781233223,53.2,2400000,0x0
1781233224,53.8,2400000,0x0
1781233226,53.8,2400000,0x0
1781233227,54.9,2400000,0x0
1781233228,54.3,2400000,0x0
1781233229,53.8,2400000,0x0
1781233230,54.9,2400000,0x0
1781233231,53.8,2400000,0x0
1781233232,54.9,2400000,0x0
1781233233,54.9,2400000,0x0
1781233234,53.8,2400000,0x0
1781233235,54.9,2400000,0x0
1781233236,53.8,2400000,0x0
1781233237,54.3,2400000,0x0
1781233238,54.9,2400000,0x0
1781233239,54.9,2400000,0x0
1781233240,54.3,2400000,0x0
1781233241,54.3,2400000,0x0
1781233242,53.8,2400000,0x0
1781233243,53.8,2400000,0x0
1781233244,54.3,2400000,0x0
1781233245,53.8,2400000,0x0
1781233246,55.4,2400000,0x0
1781233247,53.8,2400000,0x0
1781233248,54.3,2400000,0x0
1781233249,54.3,2400000,0x0
1781233250,55.4,2400000,0x0
1781233251,54.3,2400000,0x0
1781233252,55.4,2400000,0x0
1781233253,54.9,2400000,0x0
1781233254,54.9,2400000,0x0
1781233255,54.9,2400000,0x0
1781233256,53.2,2400000,0x0
1781233257,54.3,2400000,0x0
1781233258,54.9,2400000,0x0
1781233259,53.8,2400000,0x0
1781233260,54.3,2400000,0x0
1781233261,54.9,2400000,0x0
1781233262,54.9,2400000,0x0
1781233263,54.9,2400000,0x0
1781233264,54.9,2400000,0x0
1781233266,53.2,2400000,0x0
1781233267,54.9,2400000,0x0
1781233268,53.2,2400000,0x0
1781233269,54.9,2400000,0x0
1781233270,55.4,2400000,0x0
1781233271,54.3,2400000,0x0
1781233272,54.3,2400000,0x0
1781233273,53.8,2400000,0x0
1781233274,53.8,2400000,0x0
1781233275,53.2,2400000,0x0
1781233276,54.3,2400000,0x0
1781233277,54.9,2400000,0x0
1781233278,53.8,2400000,0x0
1781233279,53.8,2400000,0x0
1781233280,54.9,2400000,0x0
1781233281,53.8,2400000,0x0
1781233282,54.3,2400000,0x0
1781233283,53.2,2400000,0x0
1781233284,53.8,2400000,0x0
1781233285,54.3,2400000,0x0
1781233286,53.8,2400000,0x0
1781233287,53.8,2400000,0x0
1781233288,54.9,2400000,0x0
1781233289,54.9,2400000,0x0
1781233290,55.4,2400000,0x0
1781233291,54.9,2400000,0x0
1781233292,54.9,2400000,0x0
1781233293,54.9,2400000,0x0
1781233294,53.8,2400000,0x0
1781233295,54.9,2400000,0x0
1781233296,55.4,2400000,0x0
1781233297,53.8,2400000,0x0
1781233298,55.4,2400000,0x0
1781233299,53.8,2400000,0x0
1781233301,54.3,2400000,0x0
1781233302,54.9,2400000,0x0
1781233303,54.9,2400000,0x0
1781233304,54.9,2400000,0x0
1781233305,53.8,2400000,0x0
1781233306,54.9,2400000,0x0
1781233307,54.9,2400000,0x0
1781233308,54.3,2400000,0x0
1781233309,54.9,2400000,0x0
1781233310,53.8,2400000,0x0
1781233311,53.8,2400000,0x0
1781233312,53.8,2400000,0x0
1781233313,54.3,2400000,0x0
1781233314,55.4,2400000,0x0
1781233315,53.8,2400000,0x0
1781233316,54.9,2400000,0x0
1781233317,54.3,2400000,0x0
1781233318,55.4,2400000,0x0
1781233319,53.8,2400000,0x0
1781233320,56.5,2400000,0x0
1781233321,54.3,2400000,0x0
1781233322,54.3,2400000,0x0
1781233323,53.8,2400000,0x0
1781233324,53.8,2400000,0x0
1781233325,54.9,2400000,0x0
1781233326,54.3,2400000,0x0
1781233327,54.9,2400000,0x0
1781233328,53.8,2400000,0x0
1781233329,53.2,2400000,0x0
1781233330,53.8,2400000,0x0
1781233331,54.9,2400000,0x0
1781233332,54.3,2400000,0x0
1781233333,55.4,2400000,0x0
1781233334,54.9,2400000,0x0
1781233335,53.8,2400000,0x0
1781233336,55.4,2400000,0x0
1781233337,54.3,2400000,0x0
1781233338,53.8,2400000,0x0
1781233339,53.8,2400000,0x0
1781233340,54.9,2400000,0x0
1781233341,53.8,2400000,0x0
1781233343,55.4,2400000,0x0
1781233344,54.3,2400000,0x0
1781233345,53.8,2400000,0x0
1781233346,54.3,2400000,0x0
1781233347,54.3,2400000,0x0
1781233348,53.8,2400000,0x0
1781233349,55.4,2400000,0x0
1781233350,53.2,2400000,0x0
1781233351,53.8,2400000,0x0
1781233352,54.3,2400000,0x0
1781233353,54.9,2400000,0x0
1781233354,54.9,2400000,0x0
1781233355,55.4,2400000,0x0
1781233356,54.3,2400000,0x0
1781233357,53.8,2400000,0x0
1781233358,54.3,2400000,0x0
1781233359,54.9,2400000,0x0
1781233360,53.8,2400000,0x0
1781233361,53.8,2400000,0x0
1781233362,54.3,2400000,0x0
1781233363,55.4,2400000,0x0
1781233364,54.3,2400000,0x0
1781233365,53.8,2400000,0x0
1781233366,54.9,2400000,0x0
1781233367,54.9,2400000,0x0
1781233368,53.8,2400000,0x0
1781233369,53.8,2400000,0x0
1781233370,55.4,2400000,0x0
1781233371,55.4,2400000,0x0
1781233372,54.9,2400000,0x0
1781233373,54.9,2400000,0x0
1781233374,55.4,2400000,0x0
1781233375,55.4,2400000,0x0
1781233376,54.3,2400000,0x0
1781233377,54.3,2400000,0x0
1781233378,56.0,2400000,0x0
1781233379,53.8,2400000,0x0
1781233380,54.3,2400000,0x0
1781233381,53.2,2400000,0x0
1781233382,53.8,2400000,0x0
1781233383,54.3,2400000,0x0
1781233385,54.9,2400000,0x0
1781233386,53.8,2400000,0x0
1781233387,54.9,2400000,0x0
1781233388,54.3,2400000,0x0
1781233389,54.9,2400000,0x0
1781233390,55.4,2400000,0x0
1781233391,55.4,2400000,0x0
1781233392,53.8,2400000,0x0
1781233393,55.4,2400000,0x0
1781233394,54.9,2400000,0x0
1781233395,54.9,2400000,0x0
1781233396,54.9,2400000,0x0
1781233397,53.2,2400000,0x0
1781233398,54.3,2400000,0x0
1781233399,53.8,2400000,0x0
1781233400,54.3,2400000,0x0
1781233401,54.3,2400000,0x0
1781233402,54.9,2400000,0x0
1781233403,54.9,2400000,0x0
1781233404,53.2,2400000,0x0
1781233405,53.8,2400000,0x0
1781233406,54.9,2400000,0x0
1781233407,53.8,2400000,0x0
1781233408,54.9,2400000,0x0
1781233409,54.3,2400000,0x0
1781233410,53.8,2400000,0x0
1781233411,55.4,2400000,0x0
1781233412,54.9,2400000,0x0
1781233413,53.8,2400000,0x0
1781233414,55.4,2400000,0x0
1781233415,55.4,2400000,0x0
1781233416,55.4,2400000,0x0
1781233417,55.4,2400000,0x0
1781233418,53.8,2400000,0x0
1781233419,53.8,2400000,0x0
1781233421,54.3,2400000,0x0
1781233422,54.9,2400000,0x0
1781233423,55.4,2400000,0x0
1781233424,55.4,2400000,0x0
1781233425,54.3,2400000,0x0
1781233426,55.4,2400000,0x0
1781233427,54.3,2400000,0x0
1781233428,54.9,2400000,0x0
1781233429,54.9,2400000,0x0
1781233430,54.3,2400000,0x0
1781233431,55.4,2400000,0x0
1781233432,54.9,2400000,0x0
1781233433,53.8,2400000,0x0
1781233434,55.4,2400000,0x0
1781233435,54.9,2400000,0x0
1781233436,54.3,2400000,0x0
1781233437,55.4,2400000,0x0
1781233438,54.9,2400000,0x0
1781233439,53.8,2400000,0x0
1781233440,54.9,2400000,0x0
1781233441,54.3,2400000,0x0
1781233442,54.9,2400000,0x0
1781233443,53.8,2400000,0x0
1781233444,53.8,2400000,0x0
1781233445,54.3,2400000,0x0
1781233446,55.4,2400000,0x0
1781233448,55.4,2400000,0x0
1781233449,55.4,2400000,0x0
1781233450,54.3,2400000,0x0
1781233451,53.8,2400000,0x0
1781233452,54.9,2400000,0x0
1781233453,55.4,2400000,0x0
1781233454,54.9,2400000,0x0
1781233455,54.9,2400000,0x0
1781233456,54.3,2400000,0x0
1781233457,55.4,2400000,0x0
1781233458,53.8,2400000,0x0
1781233459,53.8,2400000,0x0
1781233460,55.4,2400000,0x0
1781233461,55.4,2400000,0x0
1781233462,55.4,2400000,0x0
1781233463,56.0,2400000,0x0
1781233464,53.8,2400000,0x0
1781233465,53.2,2400000,0x0
1781233466,54.9,2400000,0x0
1781233467,53.8,2400000,0x0
1781233468,54.9,2400000,0x0
1781233469,54.9,2400000,0x0
1781233470,54.3,2400000,0x0
1781233471,54.3,2400000,0x0
1781233472,55.4,2400000,0x0
1781233473,54.9,2400000,0x0
1781233474,54.3,2400000,0x0
1781233476,55.4,2400000,0x0
1781233477,55.4,2400000,0x0
1781233478,54.9,2400000,0x0
1781233479,55.4,2400000,0x0
1781233480,54.9,2400000,0x0
1781233481,54.9,2400000,0x0
1781233482,55.4,2400000,0x0
1781233483,54.3,2400000,0x0
1781233484,55.4,2400000,0x0
1781233485,54.9,2400000,0x0
1781233486,54.9,2400000,0x0
1781233487,55.4,2400000,0x0
1781233488,54.3,2400000,0x0
1781233489,54.3,2400000,0x0
1781233490,55.4,2400000,0x0
1781233491,54.9,2400000,0x0
1781233492,55.4,2400000,0x0
1781233493,54.3,2400000,0x0
1781233494,55.4,2400000,0x0
1781233495,54.3,2400000,0x0
1781233496,54.3,2400000,0x0
1781233497,54.3,2400000,0x0
1781233498,53.8,2400000,0x0
1781233499,54.9,2400000,0x0
1781233500,54.3,2400000,0x0
1781233501,54.3,2400000,0x0
1781233502,53.8,2400000,0x0
1781233503,55.4,2400000,0x0
1781233504,56.0,2400000,0x0
1781233506,53.8,2400000,0x0
1781233507,55.4,2400000,0x0
1781233508,54.9,2400000,0x0
1781233509,54.3,2400000,0x0
1781233510,54.3,2400000,0x0
1781233511,53.8,2400000,0x0
1781233512,56.0,2400000,0x0
1781233513,53.8,2400000,0x0
1781233514,53.8,2400000,0x0
1781233515,54.9,2400000,0x0
1781233516,55.4,2400000,0x0
1781233517,55.4,2400000,0x0
1781233518,54.3,2400000,0x0
1781233519,55.4,2400000,0x0
1781233520,54.9,2400000,0x0
1781233521,54.3,2400000,0x0
1781233522,54.3,2400000,0x0
1781233523,55.4,2400000,0x0
1781233524,54.9,2400000,0x0
1781233525,55.4,2400000,0x0
1781233526,53.8,2400000,0x0
1781233527,55.4,2400000,0x0
1781233528,55.4,2400000,0x0
1781233529,54.3,2400000,0x0
1781233530,54.9,2400000,0x0
1781233531,54.3,2400000,0x0
1781233532,55.4,2400000,0x0
1781233533,55.4,2400000,0x0
1781233534,53.8,2400000,0x0
1781233535,53.8,2400000,0x0
1781233536,54.3,2400000,0x0
1781233537,56.0,2400000,0x0
1781233538,55.4,2400000,0x0
1781233539,54.9,2400000,0x0
1781233540,56.0,2400000,0x0
1781233542,54.9,2400000,0x0
1781233543,54.9,2400000,0x0
1781233544,54.3,2400000,0x0
1781233545,55.4,2400000,0x0
1781233546,54.3,2400000,0x0
1781233547,54.3,2400000,0x0
1781233548,55.4,2400000,0x0
1781233549,54.9,2400000,0x0
1781233550,54.3,2400000,0x0
1781233551,55.4,2400000,0x0
1781233552,54.9,2400000,0x0
1781233553,55.4,2400000,0x0
1781233554,54.3,2400000,0x0
1781233555,53.8,2400000,0x0
1781233556,54.9,2400000,0x0
1781233557,54.3,2400000,0x0
1781233558,55.4,2400000,0x0
1781233559,55.4,2400000,0x0
1781233560,57.1,2400000,0x0
1781233561,54.9,2400000,0x0
1781233562,55.4,2400000,0x0
1781233563,53.8,2400000,0x0
1781233564,54.3,2400000,0x0
1781233565,54.3,2400000,0x0
1781233566,55.4,2400000,0x0
1781233567,55.4,2400000,0x0
1781233569,54.3,2400000,0x0
1781233570,53.8,2400000,0x0
1781233571,53.8,2400000,0x0
1781233572,54.3,2400000,0x0
1781233573,55.4,2400000,0x0
1781233574,54.3,2400000,0x0
1781233575,54.9,2400000,0x0
1781233576,54.3,2400000,0x0
1781233577,53.8,2400000,0x0
1781233578,54.9,2400000,0x0
1781233579,53.8,2400000,0x0
1781233580,55.4,2400000,0x0
1781233581,54.9,2400000,0x0
1781233582,55.4,2400000,0x0
1781233583,54.3,2400000,0x0
1781233584,55.4,2400000,0x0
1781233585,54.3,2400000,0x0
1781233586,53.8,2400000,0x0
1781233587,54.3,2400000,0x0
1781233588,54.3,2400000,0x0
1781233589,54.3,2400000,0x0
1781233590,55.4,2400000,0x0
1781233591,56.0,2400000,0x0
1781233592,54.3,2400000,0x0
1781233593,54.3,2400000,0x0
1781233594,54.3,2400000,0x0
1781233595,55.4,2400000,0x0
1781233596,55.4,2400000,0x0
1781233597,55.4,2400000,0x0
1781233598,53.8,2400000,0x0
1781233599,54.9,2400000,0x0
1781233600,54.9,2400000,0x0
1781233601,53.8,2400000,0x0
1781233602,54.3,2400000,0x0
1781233603,54.3,2400000,0x0
1781233604,54.3,2400000,0x0
1781233605,54.9,2400000,0x0
1781233607,54.3,2400000,0x0
1781233608,55.4,2400000,0x0
1781233609,53.8,2400000,0x0
1781233610,54.9,2400000,0x0
1781233611,53.8,2400000,0x0
1781233612,54.3,2400000,0x0
1781233613,53.8,2400000,0x0
1781233614,55.4,2400000,0x0
1781233615,55.4,2400000,0x0
1781233616,55.4,2400000,0x0
1781233617,55.4,2400000,0x0
1781233618,54.3,2400000,0x0
1781233619,55.4,2400000,0x0
1781233620,54.3,2400000,0x0
1781233621,53.8,2400000,0x0
1781233622,55.4,2400000,0x0
1781233623,53.8,2400000,0x0
1781233624,54.9,2400000,0x0
1781233625,55.4,2400000,0x0
1781233626,54.3,2400000,0x0
1781233627,54.3,2400000,0x0
1781233628,54.3,2400000,0x0
1781233629,54.3,2400000,0x0
1781233630,54.3,2400000,0x0
1781233631,54.9,2400000,0x0
1781233632,54.3,2400000,0x0
1781233633,53.8,2400000,0x0
1781233634,54.9,2400000,0x0
1781233635,54.3,2400000,0x0
1781233636,54.3,2400000,0x0
1781233637,54.9,2400000,0x0
1781233638,53.8,2400000,0x0
1781233639,55.4,2400000,0x0
1781233640,55.4,2400000,0x0
1781233641,55.4,2400000,0x0
1781233642,54.9,2400000,0x0
1781233643,55.4,2400000,0x0
1781233644,56.0,2400000,0x0
1781233645,54.3,2400000,0x0
1781233647,53.8,2400000,0x0
1781233648,54.3,2400000,0x0
1781233649,55.4,2400000,0x0
1781233650,55.4,2400000,0x0
1781233651,56.0,2400000,0x0
1781233652,54.9,2400000,0x0
1781233653,54.3,2400000,0x0
1781233654,54.3,2400000,0x0
1781233655,54.3,2400000,0x0
1781233656,54.9,2400000,0x0
1781233657,54.3,2400000,0x0
1781233658,54.9,2400000,0x0
1781233659,55.4,2400000,0x0
1781233660,54.9,2400000,0x0
1781233661,55.4,2400000,0x0
1781233662,55.4,2400000,0x0
1781233663,53.8,2400000,0x0
1781233664,54.3,2400000,0x0
1781233665,54.9,2400000,0x0
1781233666,54.3,2400000,0x0
1781233667,55.4,2400000,0x0
1781233668,53.8,2400000,0x0
1781233669,55.4,2400000,0x0
1781233670,55.4,2400000,0x0
1781233671,54.3,2400000,0x0
1781233672,55.4,2400000,0x0
1781233673,55.4,2400000,0x0
1781233674,55.4,2400000,0x0
1781233676,54.3,2400000,0x0
1781233677,55.4,2400000,0x0
1781233678,54.3,2400000,0x0
1781233679,54.9,2400000,0x0
1781233680,55.4,2400000,0x0
1781233681,54.3,2400000,0x0
1781233682,54.9,2400000,0x0
1781233683,56.0,2400000,0x0
1781233684,53.8,2400000,0x0
1781233685,54.9,2400000,0x0
1781233686,54.9,2400000,0x0
1781233687,54.3,2400000,0x0
1781233688,55.4,2400000,0x0
1781233689,54.3,2400000,0x0
1781233690,54.3,2400000,0x0
1781233691,54.3,2400000,0x0
1781233692,56.0,2400000,0x0
1781233693,55.4,2400000,0x0
1781233694,54.3,2400000,0x0
1781233695,56.0,2400000,0x0
1781233696,54.9,2400000,0x0
1781233697,54.9,2400000,0x0
1781233698,56.0,2400000,0x0
1781233699,53.8,2400000,0x0
1781233700,54.3,2400000,0x0
1781233701,54.9,2400000,0x0
1781233702,56.0,2400000,0x0
1781233703,54.9,2400000,0x0
1781233704,53.8,2400000,0x0
1781233705,53.8,2400000,0x0
1781233706,55.4,2400000,0x0
1781233708,55.4,2400000,0x0
1781233709,54.3,2400000,0x0
1781233710,55.4,2400000,0x0
1781233711,54.9,2400000,0x0
1781233712,56.0,2400000,0x0
1781233713,54.3,2400000,0x0
1781233714,56.0,2400000,0x0
1781233715,53.8,2400000,0x0
1781233716,53.8,2400000,0x0
1781233717,54.3,2400000,0x0
1781233718,53.8,2400000,0x0
1781233719,54.9,2400000,0x0
1781233720,55.4,2400000,0x0
1781233721,55.4,2400000,0x0
1781233722,55.4,2400000,0x0
1781233723,53.8,2400000,0x0
1781233724,54.3,2400000,0x0
1781233725,55.4,2400000,0x0
1781233726,54.3,2400000,0x0
1781233727,56.0,2400000,0x0
1781233728,54.3,2400000,0x0
1781233729,55.4,2400000,0x0
1781233730,53.8,2400000,0x0
1781233731,54.3,2400000,0x0
1781233732,55.4,2400000,0x0
1781233733,55.4,2400000,0x0
1781233734,54.3,2400000,0x0
1781233735,55.4,2400000,0x0
1781233736,55.4,2400000,0x0
1781233737,55.4,2400000,0x0
1781233738,54.3,2400000,0x0
1781233739,55.4,2400000,0x0
1781233740,55.4,2400000,0x0
1781233741,55.4,2400000,0x0
1781233742,54.3,2400000,0x0
1781233743,55.4,2400000,0x0
1781233744,54.3,2400000,0x0
1781233746,53.8,2400000,0x0
1781233747,55.4,2400000,0x0
1781233748,54.3,2400000,0x0
1781233749,54.9,2400000,0x0
1781233750,54.3,2400000,0x0
1781233751,55.4,2400000,0x0
1781233752,54.3,2400000,0x0
1781233753,55.4,2400000,0x0
1781233754,54.3,2400000,0x0
1781233755,55.4,2400000,0x0
1781233756,55.4,2400000,0x0
1781233757,56.0,2400000,0x0
1781233758,55.4,2400000,0x0
1781233759,54.3,2400000,0x0
1781233760,55.4,2400000,0x0
1781233761,55.4,2400000,0x0
1781233762,56.0,2400000,0x0
1781233763,54.3,2400000,0x0
1781233764,55.4,2400000,0x0
1781233765,55.4,2400000,0x0
1781233766,55.4,2400000,0x0
1781233767,54.9,2400000,0x0
1781233768,56.0,2400000,0x0
1781233769,55.4,2400000,0x0
1781233770,54.9,2400000,0x0
1781233771,53.8,2400000,0x0
1781233772,55.4,2400000,0x0
1781233773,54.9,2400000,0x0
1781233774,54.3,2400000,0x0
1781233775,55.4,2400000,0x0
1781233776,54.9,2400000,0x0
1781233777,54.3,2400000,0x0
1781233778,55.4,2400000,0x0
1781233779,53.8,2400000,0x0
1781233781,55.4,2400000,0x0
1781233782,56.0,2400000,0x0
1781233783,54.9,2400000,0x0
1781233784,55.4,2400000,0x0
1781233785,54.9,2400000,0x0
1781233786,54.3,2400000,0x0
1781233787,55.4,2400000,0x0
1781233788,54.9,2400000,0x0
1781233789,54.3,2400000,0x0
1781233790,56.0,2400000,0x0
1781233791,54.3,2400000,0x0
1781233792,55.4,2400000,0x0
1781233793,56.0,2400000,0x0
1781233794,55.4,2400000,0x0
1781233795,54.3,2400000,0x0
1781233796,53.8,2400000,0x0
1781233797,54.3,2400000,0x0
1781233798,55.4,2400000,0x0
1781233799,55.4,2400000,0x0
1781233800,56.5,2400000,0x0
1781233801,54.9,2400000,0x0
1781233802,55.4,2400000,0x0
1781233803,54.3,2400000,0x0
1781233804,53.8,2400000,0x0
1781233805,54.3,2400000,0x0
1781233806,54.3,2400000,0x0
1781233807,55.4,2400000,0x0
1781233808,54.3,2400000,0x0
1781233809,55.4,2400000,0x0
1781233810,56.0,2400000,0x0
1781233811,54.9,2400000,0x0
1781233812,54.3,2400000,0x0
1781233813,56.0,2400000,0x0
1781233815,56.0,2400000,0x0
1781233816,54.9,2400000,0x0
1781233817,54.9,2400000,0x0
1781233818,54.3,2400000,0x0
1781233819,54.9,2400000,0x0
1781233820,55.4,2400000,0x0
1781233821,55.4,2400000,0x0
1781233822,56.0,2400000,0x0
1781233823,54.3,2400000,0x0
1781233824,54.9,2400000,0x0
1781233825,53.8,2400000,0x0
1781233826,54.9,2400000,0x0
1781233827,56.5,2400000,0x0
1781233828,54.3,2400000,0x0
1781233829,54.3,2400000,0x0
1781233830,55.4,2400000,0x0
1781233831,55.4,2400000,0x0
1781233832,55.4,2400000,0x0
1781233833,54.3,2400000,0x0
1781233834,55.4,2400000,0x0
1781233835,54.9,2400000,0x0
1781233836,54.3,2400000,0x0
1781233837,55.4,2400000,0x0
1781233838,54.3,2400000,0x0
1781233839,55.4,2400000,0x0
1781233840,55.4,2400000,0x0
1781233841,54.3,2400000,0x0
1781233842,55.4,2400000,0x0
1781233843,56.0,2400000,0x0
1781233844,55.4,2400000,0x0
1781233845,54.3,2400000,0x0
1781233847,55.4,2400000,0x0
1781233848,54.3,2400000,0x0
1781233849,54.3,2400000,0x0
1781233850,56.0,2400000,0x0
1781233851,53.8,2400000,0x0
1781233852,54.9,2400000,0x0
1781233853,55.4,2400000,0x0
1781233854,55.4,2400000,0x0
1781233855,56.0,2400000,0x0
1781233856,55.4,2400000,0x0
1781233857,53.8,2400000,0x0
1781233858,54.3,2400000,0x0
1781233859,54.9,2400000,0x0
1781233860,55.4,2400000,0x0
1781233861,54.3,2400000,0x0
1781233862,55.4,2400000,0x0
1781233863,56.0,2400000,0x0
1781233864,56.0,2400000,0x0
1781233865,54.9,2400000,0x0
1781233866,55.4,2400000,0x0
1781233867,54.3,2400000,0x0
1781233868,56.0,2400000,0x0
1781233869,55.4,2400000,0x0
1781233870,53.8,2400000,0x0
1781233871,55.4,2400000,0x0
1781233872,54.3,2400000,0x0
1781233873,54.9,2400000,0x0
1781233874,53.8,2400000,0x0
1781233875,54.9,2400000,0x0
1781233876,54.3,2400000,0x0
1781233877,54.3,2400000,0x0
1781233878,54.9,2400000,0x0
1781233879,56.0,2400000,0x0
1781233881,53.8,2400000,0x0
1781233882,55.4,2400000,0x0
1781233883,54.9,2400000,0x0
1781233884,54.9,2400000,0x0
1781233885,55.4,2400000,0x0
1781233886,55.4,2400000,0x0
1781233887,55.4,2400000,0x0
1781233888,55.4,2400000,0x0
1781233889,54.3,2400000,0x0
1781233890,54.3,2400000,0x0
1781233891,55.4,2400000,0x0
1781233892,54.9,2400000,0x0
1781233893,54.3,2400000,0x0
1781233894,56.0,2400000,0x0
1781233895,54.3,2400000,0x0
1781233896,56.0,2400000,0x0
1781233897,55.4,2400000,0x0
1781233898,54.3,2400000,0x0
1781233900,54.3,2400000,0x0
1781233901,56.0,2400000,0x0
1781233902,54.9,2400000,0x0
1781233903,54.3,2400000,0x0
1781233904,55.4,2400000,0x0
1781233905,54.3,2400000,0x0
1781233906,55.4,2400000,0x0
1781233907,54.9,2400000,0x0
1781233908,55.4,2400000,0x0
1781233909,56.0,2400000,0x0
1781233910,54.9,2400000,0x0
1781233911,54.9,2400000,0x0
1781233912,56.0,2400000,0x0
1781233913,55.4,2400000,0x0
1781233914,56.0,2400000,0x0
1781233915,55.4,2400000,0x0
1781233916,54.3,2400000,0x0
1781233917,56.0,2400000,0x0
1781233918,53.8,2400000,0x0
1781233919,54.9,2400000,0x0
1781233920,54.3,2400000,0x0
1781233921,55.4,2400000,0x0
1781233922,53.8,2400000,0x0
1781233923,55.4,2400000,0x0
1781233924,55.4,2400000,0x0
1781233925,54.3,2400000,0x0
1781233926,55.4,2400000,0x0
1781233927,54.3,2400000,0x0
1781233928,56.0,2400000,0x0
1781233929,54.3,2400000,0x0
1781233930,54.9,2400000,0x0
1781233931,54.9,2400000,0x0
1781233932,55.4,2400000,0x0
1781233933,56.0,2400000,0x0
1781233934,54.3,2400000,0x0
1781233935,56.0,2400000,0x0
1781233936,55.4,2400000,0x0
1781233937,54.3,2400000,0x0
1781233938,54.3,2400000,0x0
1781233939,54.3,2400000,0x0
1781233940,54.3,2400000,0x0
1781233941,56.0,2400000,0x0
1781233942,54.9,2400000,0x0
1781233943,55.4,2400000,0x0
1781233945,56.5,2400000,0x0
1781233946,55.4,2400000,0x0
1781233947,55.4,2400000,0x0
1781233948,54.3,2400000,0x0
1781233949,54.3,2400000,0x0
1781233950,53.8,2400000,0x0
1781233951,54.3,2400000,0x0
1781233952,56.0,2400000,0x0
1781233953,54.9,2400000,0x0
1781233954,55.4,2400000,0x0
1781233955,54.9,2400000,0x0
1781233956,54.3,2400000,0x0
1781233957,54.9,2400000,0x0
1781233958,55.4,2400000,0x0
1781233959,54.3,2400000,0x0
1781233960,56.0,2400000,0x0
1781233961,54.9,2400000,0x0
1781233962,56.0,2400000,0x0
1781233963,56.0,2400000,0x0
1781233964,53.8,2400000,0x0
1781233965,54.3,2400000,0x0
1781233966,55.4,2400000,0x0
1781233967,56.0,2400000,0x0
1781233968,54.3,2400000,0x0
1781233969,54.3,2400000,0x0
1781233970,54.3,2400000,0x0
1781233971,56.0,2400000,0x0
1781233972,55.4,2400000,0x0
1781233973,53.8,2400000,0x0
1781233974,56.0,2400000,0x0
1781233975,55.4,2400000,0x0
1781233976,56.5,2400000,0x0
1781233977,54.3,2400000,0x0
1781233978,55.4,2400000,0x0
1781233980,54.9,2400000,0x0
1781233981,55.4,2400000,0x0
1781233982,55.4,2400000,0x0
1781233983,55.4,2400000,0x0
1781233984,54.3,2400000,0x0
1781233985,56.0,2400000,0x0
1781233986,56.0,2400000,0x0
1781233987,54.3,2400000,0x0
1781233988,55.4,2400000,0x0
1781233989,54.3,2400000,0x0
1781233990,55.4,2400000,0x0
1781233991,55.4,2400000,0x0
1781233992,55.4,2400000,0x0
1781233993,54.3,2400000,0x0
1781233994,55.4,2400000,0x0
1781233995,54.9,2400000,0x0
1781233996,56.0,2400000,0x0
1781233997,54.9,2400000,0x0
1781233998,55.4,2400000,0x0
1781233999,56.0,2400000,0x0
1781234000,54.9,2400000,0x0
1781234001,56.0,2400000,0x0
1781234002,55.4,2400000,0x0
1781234003,55.4,2400000,0x0
1781234004,54.9,2400000,0x0
1781234005,55.4,2400000,0x0
1781234006,54.3,2400000,0x0
1781234007,55.4,2400000,0x0
1781234008,54.3,2400000,0x0
1781234009,54.3,2400000,0x0
1781234010,55.4,2400000,0x0
1781234011,54.3,2400000,0x0
1781234012,56.5,2400000,0x0
1781234013,54.3,2400000,0x0
1781234014,54.9,2400000,0x0
1781234015,54.9,2400000,0x0
1781234016,53.8,2400000,0x0
1781234017,55.4,2400000,0x0
1781234018,55.4,2400000,0x0
1781234019,55.4,2400000,0x0
1781234021,55.4,2400000,0x0
1781234022,54.9,2400000,0x0
1781234023,56.0,2400000,0x0
1781234024,56.5,2400000,0x0
1781234025,54.9,2400000,0x0
1781234026,56.0,2400000,0x0
1781234027,54.9,2400000,0x0
1781234028,54.3,2400000,0x0
1781234029,56.0,2400000,0x0
1781234030,56.0,2400000,0x0
1781234031,55.4,2400000,0x0
1781234032,55.4,2400000,0x0
1781234033,54.9,2400000,0x0
1781234034,55.4,2400000,0x0
1781234035,55.4,2400000,0x0
1781234036,54.3,2400000,0x0
1781234037,56.0,2400000,0x0
1781234038,56.0,2400000,0x0
1781234039,56.0,2400000,0x0
1781234040,54.3,2400000,0x0
1781234041,55.4,2400000,0x0
1781234042,54.3,2400000,0x0
1781234043,54.3,2400000,0x0
1781234044,56.0,2400000,0x0
1781234045,55.4,2400000,0x0
1781234046,56.0,2400000,0x0
1781234047,54.9,2400000,0x0
1781234048,54.3,2400000,0x0
1781234049,56.0,2400000,0x0
1781234050,55.4,2400000,0x0
1781234051,54.9,2400000,0x0
1781234052,54.9,2400000,0x0
1781234053,56.0,2400000,0x0
1781234054,56.0,2400000,0x0
1781234056,54.3,2400000,0x0
1781234057,54.3,2400000,0x0
1781234058,56.0,2400000,0x0
1781234059,54.9,2400000,0x0
1781234060,56.0,2400000,0x0
1781234061,55.4,2400000,0x0
1781234062,54.3,2400000,0x0
1781234063,54.9,2400000,0x0
1781234064,56.0,2400000,0x0
1781234065,55.4,2400000,0x0
1781234066,56.0,2400000,0x0
1781234067,55.4,2400000,0x0
1781234068,56.0,2400000,0x0
1781234069,55.4,2400000,0x0
1781234070,54.9,2400000,0x0
1781234071,56.0,2400000,0x0
1781234072,55.4,2400000,0x0
1781234073,54.3,2400000,0x0
1781234074,56.5,2400000,0x0
1781234075,54.9,2400000,0x0
1781234077,56.0,2400000,0x0
1781234078,54.3,2400000,0x0
1781234079,56.0,2400000,0x0
1781234080,54.9,2400000,0x0
1781234081,54.3,2400000,0x0
1781234082,54.9,2400000,0x0
1781234083,54.3,2400000,0x0
1781234084,54.3,2400000,0x0
1781234085,54.9,2400000,0x0
1781234086,55.4,2400000,0x0
1781234087,54.3,2400000,0x0
1781234088,54.3,2400000,0x0
1781234089,53.8,2400000,0x0
1781234090,54.9,2400000,0x0
1781234091,54.9,2400000,0x0
1781234092,55.4,2400000,0x0
1781234093,54.9,2400000,0x0
1781234094,54.3,2400000,0x0
1781234095,56.0,2400000,0x0
1781234096,54.9,2400000,0x0
1781234097,54.9,2400000,0x0
1781234098,54.9,2400000,0x0
1781234099,56.0,2400000,0x0
1781234100,55.4,2400000,0x0
1781234101,55.4,2400000,0x0
1781234102,56.0,2400000,0x0
1781234103,54.9,2400000,0x0
1781234104,56.0,2400000,0x0
1781234105,56.0,2400000,0x0
1781234106,54.9,2400000,0x0
1781234107,54.3,2400000,0x0
1781234108,54.9,2400000,0x0
1781234109,56.0,2400000,0x0
1781234110,56.0,2400000,0x0
1781234112,54.3,2400000,0x0
1781234113,54.9,2400000,0x0
1781234114,53.8,2400000,0x0
1781234115,54.3,2400000,0x0
1781234116,54.3,2400000,0x0
1781234117,55.4,2400000,0x0
1781234118,54.9,2400000,0x0
1781234119,54.9,2400000,0x0
1781234120,56.0,2400000,0x0
1781234121,56.0,2400000,0x0
1781234122,55.4,2400000,0x0
1781234123,56.0,2400000,0x0
1781234124,54.3,2400000,0x0
1781234125,54.3,2400000,0x0
1781234126,55.4,2400000,0x0
1781234127,54.9,2400000,0x0
1781234128,54.9,2400000,0x0
1781234129,56.5,2400000,0x0
1781234130,55.4,2400000,0x0
1781234131,55.4,2400000,0x0
1781234132,56.0,2400000,0x0
1781234133,54.3,2400000,0x0
1781234134,56.0,2400000,0x0
1781234135,54.3,2400000,0x0
1781234136,53.8,2400000,0x0
1781234137,54.9,2400000,0x0
1781234138,56.0,2400000,0x0
1781234139,56.0,2400000,0x0
1781234140,54.3,2400000,0x0
1781234141,54.3,2400000,0x0
1781234142,54.3,2400000,0x0
1781234143,53.8,2400000,0x0
1781234144,54.9,2400000,0x0
1781234145,55.4,2400000,0x0
1781234146,56.0,2400000,0x0
1781234147,54.9,2400000,0x0
1781234148,54.3,2400000,0x0
1781234149,55.4,2400000,0x0
1781234150,54.9,2400000,0x0
1781234152,55.4,2400000,0x0
1781234153,56.0,2400000,0x0
1781234154,55.4,2400000,0x0
1781234155,54.9,2400000,0x0
1781234156,54.3,2400000,0x0
1781234157,55.4,2400000,0x0
1781234158,54.9,2400000,0x0
1781234159,56.0,2400000,0x0
1781234160,54.3,2400000,0x0
1781234161,56.0,2400000,0x0
1781234162,54.9,2400000,0x0
1781234163,54.3,2400000,0x0
1781234164,54.3,2400000,0x0
1781234165,54.9,2400000,0x0
1781234166,56.0,2400000,0x0
1781234167,54.3,2400000,0x0
1781234168,54.3,2400000,0x0
1781234169,54.9,2400000,0x0
1781234170,55.4,2400000,0x0
1781234171,54.3,2400000,0x0
1781234173,54.9,2400000,0x0
1781234174,56.5,2400000,0x0
1781234175,54.9,2400000,0x0
1781234176,56.0,2400000,0x0
1781234177,54.3,2400000,0x0
1781234178,55.4,2400000,0x0
1781234179,56.0,2400000,0x0
1781234180,54.9,2400000,0x0
1781234181,54.3,2400000,0x0
1781234182,56.0,2400000,0x0
1781234183,54.9,2400000,0x0
1781234184,55.4,2400000,0x0
1781234185,56.0,2400000,0x0
1781234186,54.3,2400000,0x0
1781234187,54.9,2400000,0x0
1781234188,54.9,2400000,0x0
1781234189,54.9,2400000,0x0
1781234190,54.3,2400000,0x0
1781234191,54.3,2400000,0x0
1781234192,56.0,2400000,0x0
1781234193,54.9,2400000,0x0
1781234194,55.4,2400000,0x0
1781234195,54.3,2400000,0x0
1781234196,53.8,2400000,0x0
1781234197,54.3,2400000,0x0
1781234198,54.9,2400000,0x0
1781234199,54.3,2400000,0x0
1781234200,53.8,2400000,0x0
1781234201,54.3,2400000,0x0
1781234202,55.4,2400000,0x0
1781234203,56.0,2400000,0x0
1781234204,55.4,2400000,0x0
1781234205,54.9,2400000,0x0
1781234207,55.4,2400000,0x0
1781234208,54.9,2400000,0x0
1781234209,57.1,2400000,0x0
1781234210,54.9,2400000,0x0
1781234211,56.0,2400000,0x0
1781234212,55.4,2400000,0x0
1781234213,56.0,2400000,0x0
1781234214,56.5,2400000,0x0
1781234215,56.0,2400000,0x0
1781234216,56.0,2400000,0x0
1781234217,54.3,2400000,0x0
1781234218,54.9,2400000,0x0
1781234219,54.9,2400000,0x0
1781234220,56.0,2400000,0x0
1781234221,54.3,2400000,0x0
1781234222,56.0,2400000,0x0
1781234223,56.0,2400000,0x0
1781234224,54.9,2400000,0x0
1781234225,56.0,2400000,0x0
1781234226,54.9,2400000,0x0
1781234227,55.4,2400000,0x0
1781234228,56.0,2400000,0x0
1781234229,56.0,2400000,0x0
1781234230,55.4,2400000,0x0
1781234231,55.4,2400000,0x0
1781234232,56.0,2400000,0x0
1781234233,56.0,2400000,0x0
1781234234,55.4,2400000,0x0
1781234236,55.4,2400000,0x0
1781234237,56.0,2400000,0x0
1781234238,54.9,2400000,0x0
1781234239,54.3,2400000,0x0
1781234240,54.9,2400000,0x0
1781234241,56.0,2400000,0x0
1781234242,54.3,2400000,0x0
1781234243,56.0,2400000,0x0
1781234244,56.0,2400000,0x0
1781234245,55.4,2400000,0x0
1781234246,54.9,2400000,0x0
1781234247,54.3,2400000,0x0
1781234248,55.4,2400000,0x0
1781234249,54.9,2400000,0x0
1781234250,56.0,2400000,0x0
1781234251,55.4,2400000,0x0
1781234252,54.9,2400000,0x0
1781234253,55.4,2400000,0x0
1781234254,54.9,2400000,0x0
1781234255,54.3,2400000,0x0
1781234256,54.3,2400000,0x0
1781234257,54.9,2400000,0x0
1781234258,54.3,2400000,0x0
1781234259,56.0,2400000,0x0
1781234260,56.0,2400000,0x0
1781234261,56.0,2400000,0x0
1781234263,54.3,2400000,0x0
1781234264,55.4,2400000,0x0
1781234265,56.0,2400000,0x0
1781234266,54.9,2400000,0x0
1781234267,54.3,2400000,0x0
1781234268,54.9,2400000,0x0
1781234269,55.4,2400000,0x0
1781234270,55.4,2400000,0x0
1781234271,54.9,2400000,0x0
1781234272,56.0,2400000,0x0
1781234273,54.3,2400000,0x0
1781234274,54.9,2400000,0x0
1781234275,55.4,2400000,0x0
1781234276,54.9,2400000,0x0
1781234277,54.3,2400000,0x0
1781234278,54.9,2400000,0x0
1781234279,55.4,2400000,0x0
1781234280,55.4,2400000,0x0
1781234281,56.0,2400000,0x0
1781234282,54.9,2400000,0x0
1781234283,54.3,2400000,0x0
1781234284,55.4,2400000,0x0
1781234285,54.3,2400000,0x0
1781234286,55.4,2400000,0x0
1781234287,55.4,2400000,0x0
1781234288,54.3,2400000,0x0
1781234289,54.9,2400000,0x0
1781234290,54.9,2400000,0x0
1781234291,55.4,2400000,0x0
1781234292,56.0,2400000,0x0
1781234293,54.9,2400000,0x0
1781234294,54.3,2400000,0x0
1781234295,54.3,2400000,0x0
1781234296,55.4,2400000,0x0
1781234297,55.4,2400000,0x0
1781234298,56.0,2400000,0x0
1781234299,55.4,2400000,0x0
1781234300,56.5,2400000,0x0
1781234301,54.3,2400000,0x0
1781234302,54.9,2400000,0x0
1781234304,56.0,2400000,0x0
1781234305,54.9,2400000,0x0
1781234306,56.5,2400000,0x0
1781234307,54.3,2400000,0x0
1781234308,54.9,2400000,0x0
1781234309,56.0,2400000,0x0
1781234310,56.0,2400000,0x0
1781234311,54.3,2400000,0x0
1781234312,55.4,2400000,0x0
1781234313,54.9,2400000,0x0
1781234314,54.3,2400000,0x0
1781234315,56.0,2400000,0x0
1781234316,54.9,2400000,0x0
1781234317,56.0,2400000,0x0
1781234318,54.9,2400000,0x0
1781234319,56.0,2400000,0x0
1781234320,54.9,2400000,0x0
1781234321,56.0,2400000,0x0
1781234322,55.4,2400000,0x0
1781234323,56.0,2400000,0x0
1781234324,56.0,2400000,0x0
1781234325,55.4,2400000,0x0
1781234326,54.3,2400000,0x0
1781234327,56.0,2400000,0x0
1781234328,54.9,2400000,0x0
1781234329,56.0,2400000,0x0
1781234330,56.0,2400000,0x0
1781234331,56.0,2400000,0x0
1781234332,56.0,2400000,0x0
1781234333,56.0,2400000,0x0
1781234334,54.3,2400000,0x0
1781234336,56.0,2400000,0x0
1781234337,54.9,2400000,0x0
1781234338,55.4,2400000,0x0
1781234339,56.0,2400000,0x0
1781234340,55.4,2400000,0x0
1781234341,54.9,2400000,0x0
1781234342,55.4,2400000,0x0
1781234343,54.9,2400000,0x0
1781234344,54.9,2400000,0x0
1781234345,55.4,2400000,0x0
1781234346,56.0,2400000,0x0
1781234347,55.4,2400000,0x0
1781234348,54.3,2400000,0x0
1781234349,54.9,2400000,0x0
1781234350,56.5,2400000,0x0
1781234351,54.9,2400000,0x0
1781234352,54.3,2400000,0x0
1781234353,55.4,2400000,0x0
1781234354,56.0,2400000,0x0
1781234355,55.4,2400000,0x0
1781234356,54.3,2400000,0x0
1781234357,54.9,2400000,0x0
1781234358,54.9,2400000,0x0
1781234359,55.4,2400000,0x0
1781234360,54.9,2400000,0x0
1781234361,56.0,2400000,0x0
1781234362,57.1,2400000,0x0
1781234363,54.3,2400000,0x0
1781234364,54.9,2400000,0x0
1781234365,55.4,2400000,0x0
1781234366,54.3,2400000,0x0
1781234368,54.3,2400000,0x0
1781234369,56.0,2400000,0x0
1781234370,56.0,2400000,0x0
1781234371,54.9,2400000,0x0
1781234372,54.3,2400000,0x0
1781234373,54.9,2400000,0x0
1781234374,56.0,2400000,0x0
1781234375,55.4,2400000,0x0
1781234376,54.9,2400000,0x0
1781234377,56.0,2400000,0x0
1781234378,54.3,2400000,0x0
1781234379,55.4,2400000,0x0
1781234380,55.4,2400000,0x0
1781234381,54.3,2400000,0x0
1781234382,56.0,2400000,0x0
1781234383,54.9,2400000,0x0
1781234384,55.4,2400000,0x0
1781234385,54.3,2400000,0x0
1781234386,54.9,2400000,0x0
1781234387,55.4,2400000,0x0
1781234388,54.9,2400000,0x0
1781234389,56.0,2400000,0x0
1781234390,56.0,2400000,0x0
1781234391,55.4,2400000,0x0
1781234392,56.0,2400000,0x0
1781234393,56.0,2400000,0x0
1781234394,55.4,2400000,0x0
1781234396,54.3,2400000,0x0
1781234397,54.3,2400000,0x0
1781234398,55.4,2400000,0x0
1781234399,54.3,2400000,0x0
1781234400,54.9,2400000,0x0
1781234401,54.9,2400000,0x0
1781234402,56.0,2400000,0x0
1781234403,54.9,2400000,0x0
1781234404,55.4,2400000,0x0
1781234405,55.4,2400000,0x0
1781234406,55.4,2400000,0x0
1781234407,56.0,2400000,0x0
1781234408,54.9,2400000,0x0
1781234409,56.0,2400000,0x0
1781234410,54.9,2400000,0x0
1781234411,54.9,2400000,0x0
1781234412,56.0,2400000,0x0
1781234413,56.0,2400000,0x0
1781234414,55.4,2400000,0x0
1781234415,55.4,2400000,0x0
1781234416,53.8,2400000,0x0
1781234417,54.9,2400000,0x0
1781234418,54.9,2400000,0x0
1781234419,55.4,2400000,0x0
1781234420,55.4,2400000,0x0
1781234421,54.9,2400000,0x0
1781234422,56.0,2400000,0x0
1781234423,56.0,2400000,0x0
1781234424,56.0,2400000,0x0
1781234425,55.4,2400000,0x0
1781234427,56.0,2400000,0x0
1781234428,55.4,2400000,0x0
1781234429,56.0,2400000,0x0
1781234430,56.0,2400000,0x0
1781234431,56.0,2400000,0x0
1781234432,56.0,2400000,0x0
1781234433,56.0,2400000,0x0
1781234434,56.0,2400000,0x0
1781234435,54.9,2400000,0x0
1781234436,56.0,2400000,0x0
1781234437,54.3,2400000,0x0
1781234438,56.0,2400000,0x0
1781234439,56.0,2400000,0x0
1781234440,54.3,2400000,0x0
1781234441,54.3,2400000,0x0
1781234442,54.3,2400000,0x0
1781234443,56.0,2400000,0x0
1781234444,56.0,2400000,0x0
1781234445,56.0,2400000,0x0
1781234446,56.0,2400000,0x0
1781234447,54.9,2400000,0x0
1781234448,54.9,2400000,0x0
1781234449,56.5,2400000,0x0
1781234450,56.0,2400000,0x0
1781234451,56.0,2400000,0x0
1781234452,54.3,2400000,0x0
1781234453,56.0,2400000,0x0
1781234454,56.0,2400000,0x0
1781234455,56.0,2400000,0x0
1781234456,54.9,2400000,0x0
1781234457,53.8,2400000,0x0
1781234458,55.4,2400000,0x0
1781234459,55.4,2400000,0x0
1781234461,56.0,2400000,0x0
1781234462,56.0,2400000,0x0
1781234463,54.9,2400000,0x0
1781234464,54.3,2400000,0x0
1781234465,56.0,2400000,0x0
1781234466,56.0,2400000,0x0
1781234467,54.9,2400000,0x0
1781234468,56.5,2400000,0x0
1781234469,55.4,2400000,0x0
1781234470,56.0,2400000,0x0
1781234471,54.9,2400000,0x0
1781234472,56.0,2400000,0x0
1781234473,56.0,2400000,0x0
1781234474,55.4,2400000,0x0
1781234475,55.4,2400000,0x0
1781234476,57.1,2400000,0x0
1781234477,54.9,2400000,0x0
1781234478,56.0,2400000,0x0
1781234479,54.9,2400000,0x0
1781234480,56.0,2400000,0x0
1781234481,55.4,2400000,0x0
1781234482,55.4,2400000,0x0
1781234483,54.9,2400000,0x0
1781234484,55.4,2400000,0x0
1781234485,56.5,2400000,0x0
1781234486,54.9,2400000,0x0
1781234487,54.3,2400000,0x0
1781234489,56.0,2400000,0x0
1781234490,56.0,2400000,0x0
1781234491,54.3,2400000,0x0
1781234492,56.0,2400000,0x0
1781234493,54.9,2400000,0x0
1781234494,54.9,2400000,0x0
1781234495,56.0,2400000,0x0
1781234496,54.9,2400000,0x0
1781234497,55.4,2400000,0x0
1781234498,56.0,2400000,0x0
1781234499,56.5,2400000,0x0
1781234500,54.3,2400000,0x0
1781234501,56.5,2400000,0x0
1781234502,54.9,2400000,0x0
1781234503,56.0,2400000,0x0
1781234504,56.5,2400000,0x0
1781234505,55.4,2400000,0x0
1781234506,54.9,2400000,0x0
1781234507,55.4,2400000,0x0
1781234508,56.5,2400000,0x0
1781234509,56.5,2400000,0x0
1781234510,54.9,2400000,0x0
1781234511,54.9,2400000,0x0
1781234512,54.3,2400000,0x0
1781234513,56.0,2400000,0x0
1781234515,56.0,2400000,0x0
1781234516,54.9,2400000,0x0
1781234517,56.0,2400000,0x0
1781234518,56.0,2400000,0x0
1781234519,55.4,2400000,0x0
1781234520,54.3,2400000,0x0
1781234521,56.0,2400000,0x0
1781234522,55.4,2400000,0x0
1781234523,55.4,2400000,0x0
1781234524,54.9,2400000,0x0
1781234525,54.9,2400000,0x0
1781234526,54.9,2400000,0x0
1781234527,54.3,2400000,0x0
1781234528,56.0,2400000,0x0
1781234529,56.0,2400000,0x0
1781234530,56.0,2400000,0x0
1781234531,55.4,2400000,0x0
1781234532,55.4,2400000,0x0
1781234533,56.0,2400000,0x0
1781234534,55.4,2400000,0x0
1781234535,54.9,2400000,0x0
1781234536,56.0,2400000,0x0
1781234537,56.0,2400000,0x0
1781234538,54.9,2400000,0x0
1781234539,54.3,2400000,0x0
1781234540,55.4,2400000,0x0
1781234541,56.0,2400000,0x0
1781234542,56.5,2400000,0x0
1781234543,56.0,2400000,0x0
1781234544,56.0,2400000,0x0
1781234546,56.0,2400000,0x0
1781234547,56.0,2400000,0x0
1781234548,54.9,2400000,0x0
1781234549,54.3,2400000,0x0
1781234550,55.4,2400000,0x0
1781234551,54.3,2400000,0x0
1781234552,56.0,2400000,0x0
1781234553,54.9,2400000,0x0
1781234554,54.9,2400000,0x0
1781234555,56.0,2400000,0x0
1781234556,56.0,2400000,0x0
1781234557,55.4,2400000,0x0
1781234558,56.0,2400000,0x0
1781234559,55.4,2400000,0x0
1781234560,55.4,2400000,0x0
1781234561,56.0,2400000,0x0
1781234562,54.3,2400000,0x0
1781234563,56.0,2400000,0x0
1781234564,54.9,2400000,0x0
1781234565,54.9,2400000,0x0
1781234566,55.4,2400000,0x0
1781234567,54.3,2400000,0x0
1781234568,56.0,2400000,0x0
1781234569,55.4,2400000,0x0
1781234570,53.8,2400000,0x0
1781234572,55.4,2400000,0x0
1781234573,54.9,2400000,0x0
1781234574,56.0,2400000,0x0
1781234575,54.9,2400000,0x0
1781234576,56.0,2400000,0x0
1781234577,55.4,2400000,0x0
1781234578,54.3,2400000,0x0
1781234579,54.9,2400000,0x0
1781234580,54.9,2400000,0x0
1781234581,55.4,2400000,0x0
1781234582,56.5,2400000,0x0
1781234583,54.9,2400000,0x0
1781234584,55.4,2400000,0x0
1781234585,56.0,2400000,0x0
1781234586,55.4,2400000,0x0
1781234587,54.9,2400000,0x0
1781234588,54.9,2400000,0x0
1781234589,56.0,2400000,0x0
1781234590,56.0,2400000,0x0
1781234591,54.3,2400000,0x0
1781234592,56.0,2400000,0x0
1781234593,55.4,2400000,0x0
1781234594,54.9,2400000,0x0
1781234595,56.0,2400000,0x0
1781234596,56.5,2400000,0x0
1781234597,56.5,2400000,0x0
1781234598,56.0,2400000,0x0
1781234599,54.9,2400000,0x0
1781234600,56.0,2400000,0x0
1781234601,54.9,2400000,0x0
1781234602,56.0,2400000,0x0
1781234604,56.0,2400000,0x0
1781234605,56.0,2400000,0x0
1781234606,55.4,2400000,0x0
1781234607,55.4,2400000,0x0
1781234608,56.0,2400000,0x0
1781234609,54.9,2400000,0x0
1781234610,55.4,2400000,0x0
1781234611,55.4,2400000,0x0
1781234612,54.9,2400000,0x0
1781234613,56.0,2400000,0x0
1781234614,55.4,2400000,0x0
1781234615,54.3,2400000,0x0
1781234616,55.4,2400000,0x0
1781234617,56.5,2400000,0x0
1781234618,56.5,2400000,0x0
1781234619,54.3,2400000,0x0
1781234620,54.9,2400000,0x0
1781234621,56.5,2400000,0x0
1781234622,54.9,2400000,0x0
1781234623,56.0,2400000,0x0
1781234624,54.9,2400000,0x0
1781234625,55.4,2400000,0x0
1781234626,56.0,2400000,0x0
1781234627,54.9,2400000,0x0
1781234628,54.9,2400000,0x0
1781234629,56.0,2400000,0x0
1781234631,56.0,2400000,0x0
1781234632,56.0,2400000,0x0
1781234633,56.0,2400000,0x0
1781234634,56.0,2400000,0x0
1781234635,54.9,2400000,0x0
1781234636,54.3,2400000,0x0
1781234637,56.0,2400000,0x0
1781234638,54.9,2400000,0x0
1781234639,54.9,2400000,0x0
1781234640,54.3,2400000,0x0
1781234641,55.4,2400000,0x0
1781234642,56.0,2400000,0x0
1781234643,54.3,2400000,0x0
1781234644,55.4,2400000,0x0
1781234645,55.4,2400000,0x0
1781234646,54.9,2400000,0x0
1781234647,54.9,2400000,0x0
1781234648,54.9,2400000,0x0
1781234649,53.8,2400000,0x0
1781234650,56.0,2400000,0x0
1781234651,56.5,2400000,0x0
1781234652,55.4,2400000,0x0
1781234653,55.4,2400000,0x0
1781234654,54.9,2400000,0x0
1781234655,54.3,2400000,0x0
1781234656,54.3,2400000,0x0
1781234657,54.9,2400000,0x0
1781234658,54.9,2400000,0x0
1781234659,56.0,2400000,0x0
1781234660,54.3,2400000,0x0
1781234661,54.3,2400000,0x0
1781234662,54.9,2400000,0x0
1781234663,54.3,2400000,0x0
1781234664,55.4,2400000,0x0
1781234666,55.4,2400000,0x0
1781234667,57.6,2400000,0x0
1781234668,54.9,2400000,0x0
1781234669,54.3,2400000,0x0
1781234670,56.0,2400000,0x0
1781234671,54.9,2400000,0x0
1781234672,56.0,2400000,0x0
1781234673,54.9,2400000,0x0
1781234674,54.9,2400000,0x0
1781234675,55.4,2400000,0x0
1781234676,56.0,2400000,0x0
1781234677,55.4,2400000,0x0
1781234678,54.9,2400000,0x0
1781234679,56.0,2400000,0x0
1781234680,56.0,2400000,0x0
1781234681,54.3,2400000,0x0
1781234682,56.0,2400000,0x0
1781234683,56.5,2400000,0x0
1781234685,54.3,2400000,0x0
1781234686,55.4,2400000,0x0
1781234687,55.4,2400000,0x0
1781234688,54.9,2400000,0x0
1781234689,56.0,2400000,0x0
1781234690,55.4,2400000,0x0
1781234691,56.0,2400000,0x0
1781234692,54.3,2400000,0x0
1781234693,54.9,2400000,0x0
1781234694,54.3,2400000,0x0
1781234695,55.4,2400000,0x0
1781234696,56.0,2400000,0x0
1781234697,56.0,2400000,0x0
1781234698,54.3,2400000,0x0
1781234699,55.4,2400000,0x0
1781234700,54.3,2400000,0x0
1781234701,56.0,2400000,0x0
1781234702,54.9,2400000,0x0
1781234703,56.0,2400000,0x0
1781234704,56.0,2400000,0x0
1781234705,56.0,2400000,0x0
1781234706,56.0,2400000,0x0
1781234707,55.4,2400000,0x0
1781234708,55.4,2400000,0x0
1781234709,56.0,2400000,0x0
1781234710,56.0,2400000,0x0
1781234711,55.4,2400000,0x0
1781234712,56.5,2400000,0x0
1781234713,56.0,2400000,0x0
1781234714,54.3,2400000,0x0
1781234715,54.9,2400000,0x0
1781234716,54.9,2400000,0x0
1781234717,54.3,2400000,0x0
1781234718,55.4,2400000,0x0
1781234719,54.3,2400000,0x0
1781234720,54.3,2400000,0x0
1781234721,55.4,2400000,0x0
1781234722,56.0,2400000,0x0
1781234723,56.5,2400000,0x0
1781234724,54.9,2400000,0x0
1781234725,56.5,2400000,0x0
1781234726,54.9,2400000,0x0
1781234727,56.5,2400000,0x0
1781234729,54.9,2400000,0x0
1781234730,54.9,2400000,0x0
1781234731,55.4,2400000,0x0
1781234732,56.0,2400000,0x0
1781234733,56.0,2400000,0x0
1781234734,54.9,2400000,0x0
1781234735,55.4,2400000,0x0
1781234736,55.4,2400000,0x0
1781234737,55.4,2400000,0x0
1781234738,56.0,2400000,0x0
1781234739,54.3,2400000,0x0
1781234740,56.0,2400000,0x0
1781234741,55.4,2400000,0x0
1781234742,55.4,2400000,0x0
1781234743,56.0,2400000,0x0
1781234744,54.9,2400000,0x0
1781234745,56.0,2400000,0x0
1781234746,54.9,2400000,0x0
1781234747,54.9,2400000,0x0
1781234748,54.3,2400000,0x0
1781234749,54.9,2400000,0x0
1781234750,54.9,2400000,0x0
1781234751,55.4,2400000,0x0
1781234752,55.4,2400000,0x0
1781234753,54.9,2400000,0x0
1781234754,54.9,2400000,0x0
1781234755,53.8,2400000,0x0
1781234756,56.0,2400000,0x0
1781234757,54.9,2400000,0x0
1781234758,54.9,2400000,0x0
1781234759,56.0,2400000,0x0
1781234760,56.0,2400000,0x0
1781234762,56.5,2400000,0x0
1781234763,55.4,2400000,0x0
1781234764,54.9,2400000,0x0
1781234765,55.4,2400000,0x0
1781234766,54.9,2400000,0x0
1781234767,55.4,2400000,0x0
1781234768,56.0,2400000,0x0
1781234769,56.0,2400000,0x0
1781234770,56.0,2400000,0x0
1781234771,55.4,2400000,0x0
1781234772,54.9,2400000,0x0
1781234773,55.4,2400000,0x0
1781234774,53.8,2400000,0x0
1781234775,54.9,2400000,0x0
1781234776,56.5,2400000,0x0
1781234777,54.9,2400000,0x0
1781234778,56.0,2400000,0x0
1781234779,55.4,2400000,0x0
1781234780,56.0,2400000,0x0
1781234781,54.9,2400000,0x0
1781234782,56.0,2400000,0x0
1781234783,54.9,2400000,0x0
1781234785,55.4,2400000,0x0
1781234786,56.0,2400000,0x0
1781234787,56.0,2400000,0x0
1781234788,56.0,2400000,0x0
1781234789,54.3,2400000,0x0
1781234790,57.1,2400000,0x0
1781234791,56.5,2400000,0x0
1781234792,55.4,2400000,0x0
1781234793,56.0,2400000,0x0
1781234794,56.0,2400000,0x0
1781234795,54.3,2400000,0x0
1781234796,54.9,2400000,0x0
1781234797,56.0,2400000,0x0
1781234798,55.4,2400000,0x0
1781234799,56.0,2400000,0x0
1781234800,56.0,2400000,0x0
1781234801,56.0,2400000,0x0
1781234802,54.3,2400000,0x0
1781234803,56.0,2400000,0x0
1781234804,54.9,2400000,0x0
1781234805,54.9,2400000,0x0
1781234806,56.0,2400000,0x0
1781234807,56.0,2400000,0x0
1781234808,54.3,2400000,0x0
1781234809,56.0,2400000,0x0
1781234810,53.8,2400000,0x0
1781234811,56.0,2400000,0x0
1781234812,55.4,2400000,0x0
1781234813,54.9,2400000,0x0
1781234814,56.0,2400000,0x0
1781234815,56.0,2400000,0x0
1781234816,55.4,2400000,0x0
1781234817,54.3,2400000,0x0
1781234819,54.9,2400000,0x0
1781234820,54.3,2400000,0x0
1781234821,56.0,2400000,0x0
1781234822,54.3,2400000,0x0
1781234823,56.0,2400000,0x0
1781234824,54.9,2400000,0x0
1781234825,56.5,2400000,0x0
1781234826,56.0,2400000,0x0
1781234827,55.4,2400000,0x0
1781234828,54.9,2400000,0x0
1781234829,54.9,2400000,0x0
1781234830,54.9,2400000,0x0
1781234831,56.0,2400000,0x0
1781234832,56.0,2400000,0x0
1781234833,56.5,2400000,0x0
1781234834,55.4,2400000,0x0
1781234835,55.4,2400000,0x0
1781234836,56.0,2400000,0x0
1781234837,54.3,2400000,0x0
1781234838,54.9,2400000,0x0
1781234839,55.4,2400000,0x0
1781234840,55.4,2400000,0x0
1781234841,54.9,2400000,0x0
1781234842,54.9,2400000,0x0
1781234843,55.4,2400000,0x0
1781234844,54.9,2400000,0x0
1781234845,54.3,2400000,0x0
1781234846,56.0,2400000,0x0
1781234847,54.9,2400000,0x0
1781234849,56.0,2400000,0x0
1781234850,54.3,2400000,0x0
1781234851,54.9,2400000,0x0
1781234852,54.3,2400000,0x0
1781234853,56.0,2400000,0x0
1781234854,55.4,2400000,0x0
1781234855,54.9,2400000,0x0
1781234856,54.9,2400000,0x0
1781234857,55.4,2400000,0x0
1781234858,55.4,2400000,0x0
1781234859,54.9,2400000,0x0
1781234860,56.0,2400000,0x0
1781234861,54.9,2400000,0x0
1781234862,56.0,2400000,0x0
1781234863,54.9,2400000,0x0
1781234864,56.0,2400000,0x0
1781234865,54.9,2400000,0x0
1781234866,56.0,2400000,0x0
1781234867,56.0,2400000,0x0
1781234868,55.4,2400000,0x0
1781234869,54.9,2400000,0x0
1781234870,54.3,2400000,0x0
1781234871,55.4,2400000,0x0
1781234872,55.4,2400000,0x0
1781234873,54.9,2400000,0x0
1781234874,56.0,2400000,0x0
1781234875,54.3,2400000,0x0
1781234876,55.4,2400000,0x0
1781234877,56.0,2400000,0x0
1781234878,56.5,2400000,0x0
1781234879,54.9,2400000,0x0
1781234881,54.9,2400000,0x0
1781234882,56.0,2400000,0x0
1781234883,54.9,2400000,0x0
1781234884,56.5,2400000,0x0
1781234885,56.0,2400000,0x0
1781234886,56.5,2400000,0x0
1781234887,55.4,2400000,0x0
1781234888,54.3,2400000,0x0
1781234889,56.0,2400000,0x0
1781234890,56.0,2400000,0x0
1781234891,54.9,2400000,0x0
1781234892,56.0,2400000,0x0
1781234893,54.9,2400000,0x0
1781234894,54.9,2400000,0x0
1781234895,54.9,2400000,0x0
1781234896,55.4,2400000,0x0
1781234897,56.5,2400000,0x0
1781234898,54.9,2400000,0x0
1781234899,54.9,2400000,0x0
1781234900,56.0,2400000,0x0
1781234901,55.4,2400000,0x0
1781234902,53.8,2400000,0x0
1781234903,54.9,2400000,0x0
1781234904,55.4,2400000,0x0
1781234905,54.9,2400000,0x0
1781234906,56.0,2400000,0x0
1781234907,54.9,2400000,0x0
1781234908,56.0,2400000,0x0
1781234910,56.0,2400000,0x0
1781234911,55.4,2400000,0x0
1781234912,55.4,2400000,0x0
1781234913,56.0,2400000,0x0
1781234914,54.9,2400000,0x0
1781234915,54.9,2400000,0x0
1781234916,54.9,2400000,0x0
1781234917,54.9,2400000,0x0
1781234918,56.0,2400000,0x0
1781234919,54.9,2400000,0x0
1781234920,56.0,2400000,0x0
1781234921,55.4,2400000,0x0
1781234922,54.3,2400000,0x0
1781234923,56.0,2400000,0x0
1781234924,54.9,2400000,0x0
1781234925,56.5,2400000,0x0
1781234926,56.5,2400000,0x0
1781234927,56.0,2400000,0x0
1781234928,56.0,2400000,0x0
1781234929,55.4,2400000,0x0
1781234930,54.9,2400000,0x0
1781234931,54.3,2400000,0x0
1781234932,54.9,2400000,0x0
1781234933,54.9,2400000,0x0
1781234934,54.3,2400000,0x0
1781234935,56.0,2400000,0x0
1781234936,54.9,2400000,0x0
1781234937,56.0,2400000,0x0
1781234938,56.0,2400000,0x0
1781234939,56.0,2400000,0x0
1781234940,55.4,2400000,0x0
1781234941,54.9,2400000,0x0
1781234942,56.0,2400000,0x0
1781234943,55.4,2400000,0x0
1781234944,56.0,2400000,0x0
1781234945,56.0,2400000,0x0
1781234946,56.0,2400000,0x0
1781234947,56.5,2400000,0x0
1781234948,56.0,2400000,0x0
1781234949,56.0,2400000,0x0
1781234950,56.5,2400000,0x0
1781234951,54.3,2400000,0x0
1781234952,56.0,2400000,0x0
1781234953,55.4,2400000,0x0
1781234954,54.9,2400000,0x0
1781234955,56.0,2400000,0x0
1781234956,54.9,2400000,0x0
1781234957,54.9,2400000,0x0
1781234958,55.4,2400000,0x0
1781234959,56.0,2400000,0x0
1781234960,54.9,2400000,0x0
1781234961,56.5,2400000,0x0
1781234962,56.0,2400000,0x0
1781234963,56.5,2400000,0x0
1781234964,54.9,2400000,0x0
1781234965,54.3,2400000,0x0
1781234966,56.0,2400000,0x0
1781234967,56.0,2400000,0x0
1781234968,55.4,2400000,0x0
1781234969,54.9,2400000,0x0
1781234970,55.4,2400000,0x0
1781234972,54.9,2400000,0x0
1781234973,54.9,2400000,0x0
1781234974,54.3,2400000,0x0
1781234975,54.9,2400000,0x0
1781234976,56.0,2400000,0x0
1781234977,54.9,2400000,0x0
1781234978,56.0,2400000,0x0
1781234979,56.0,2400000,0x0
1781234980,56.5,2400000,0x0
1781234981,54.9,2400000,0x0
1781234982,56.0,2400000,0x0
1781234983,54.9,2400000,0x0
1781234984,56.0,2400000,0x0
1781234985,54.9,2400000,0x0
1781234986,56.0,2400000,0x0
1781234987,56.0,2400000,0x0
1781234988,55.4,2400000,0x0
1781234989,56.0,2400000,0x0
1781234990,56.0,2400000,0x0
1781234991,55.4,2400000,0x0
1781234992,55.4,2400000,0x0
1781234993,56.0,2400000,0x0
1781234994,54.9,2400000,0x0
1781234995,56.0,2400000,0x0
1781234996,56.0,2400000,0x0
1781234997,54.9,2400000,0x0
1781234998,56.0,2400000,0x0
1781234999,56.5,2400000,0x0
1781235000,54.3,2400000,0x0
1781235001,56.0,2400000,0x0
1781235002,55.4,2400000,0x0
1781235004,56.0,2400000,0x0
1781235005,56.0,2400000,0x0
1781235006,54.9,2400000,0x0
1781235007,54.3,2400000,0x0
1781235008,55.4,2400000,0x0
1781235009,54.9,2400000,0x0
1781235010,54.9,2400000,0x0
1781235011,56.0,2400000,0x0
1781235012,55.4,2400000,0x0
1781235013,55.4,2400000,0x0
1781235014,54.9,2400000,0x0
1781235015,56.0,2400000,0x0
1781235016,55.4,2400000,0x0
1781235017,56.0,2400000,0x0
1781235018,56.0,2400000,0x0
1781235019,54.9,2400000,0x0
1781235020,54.9,2400000,0x0
1781235021,55.4,2400000,0x0
1781235022,55.4,2400000,0x0
1781235024,54.9,2400000,0x0
1781235025,56.0,2400000,0x0
1781235026,54.9,2400000,0x0
1781235027,55.4,2400000,0x0
1781235028,54.9,2400000,0x0
1781235029,55.4,2400000,0x0
1781235030,54.3,2400000,0x0
1781235031,55.4,2400000,0x0
1781235032,56.0,2400000,0x0
1781235033,56.0,2400000,0x0
1781235034,54.9,2400000,0x0
1781235035,56.0,2400000,0x0
1781235036,54.9,2400000,0x0
1781235037,55.4,2400000,0x0
1781235038,55.4,2400000,0x0
1781235039,56.0,2400000,0x0
1781235040,56.0,2400000,0x0
1781235041,56.0,2400000,0x0
1781235042,55.4,2400000,0x0
1781235043,54.9,2400000,0x0
1781235044,56.5,2400000,0x0
1781235045,55.4,2400000,0x0
1781235046,54.9,2400000,0x0
1781235047,56.0,2400000,0x0
1781235048,54.9,2400000,0x0
1781235049,56.0,2400000,0x0
1781235050,56.0,2400000,0x0
1781235051,54.9,2400000,0x0
1781235052,54.9,2400000,0x0
1781235053,54.3,2400000,0x0
1781235054,54.9,2400000,0x0
1781235055,56.0,2400000,0x0
1781235057,54.9,2400000,0x0
1781235058,55.4,2400000,0x0
1781235059,55.4,2400000,0x0
1781235060,55.4,2400000,0x0
1781235061,55.4,2400000,0x0
1781235062,56.0,2400000,0x0
1781235063,54.9,2400000,0x0
1781235064,54.9,2400000,0x0
1781235065,54.9,2400000,0x0
1781235066,56.0,2400000,0x0
1781235067,54.9,2400000,0x0
1781235068,54.9,2400000,0x0
1781235069,54.9,2400000,0x0
1781235070,56.0,2400000,0x0
1781235071,56.0,2400000,0x0
1781235072,54.9,2400000,0x0
1781235073,55.4,2400000,0x0
1781235074,56.0,2400000,0x0
1781235075,54.9,2400000,0x0
1781235076,54.3,2400000,0x0
1781235077,55.4,2400000,0x0
1781235078,56.0,2400000,0x0
1781235079,55.4,2400000,0x0
1781235080,56.0,2400000,0x0
1781235081,56.5,2400000,0x0
1781235082,54.9,2400000,0x0
1781235083,54.9,2400000,0x0
1781235084,56.0,2400000,0x0
1781235085,56.0,2400000,0x0
1781235086,56.0,2400000,0x0
1781235087,55.4,2400000,0x0
1781235089,54.9,2400000,0x0
1781235090,56.0,2400000,0x0
1781235091,56.0,2400000,0x0
1781235092,53.2,2400000,0x0
1781235093,56.0,2400000,0x0
1781235094,56.5,2400000,0x0
1781235095,56.0,2400000,0x0
1781235096,56.0,2400000,0x0
1781235097,54.9,2400000,0x0
1781235098,54.9,2400000,0x0
1781235099,54.9,2400000,0x0
1781235100,56.0,2400000,0x0
1781235101,54.3,2400000,0x0
1781235102,55.4,2400000,0x0
1781235103,54.9,2400000,0x0
1781235104,54.3,2400000,0x0
1781235105,56.0,2400000,0x0
1781235106,56.0,2400000,0x0
1781235107,54.9,2400000,0x0
1781235108,54.9,2400000,0x0
1781235109,55.4,2400000,0x0
1781235110,55.4,2400000,0x0
1781235111,54.9,2400000,0x0
1781235112,56.5,2400000,0x0
1781235113,54.9,2400000,0x0
1781235114,55.4,2400000,0x0
1781235115,54.9,2400000,0x0
1781235116,56.0,2400000,0x0
1781235117,56.0,2400000,0x0
1781235118,56.0,2400000,0x0
1781235119,56.5,2400000,0x0
1781235121,54.9,2400000,0x0
1781235122,55.4,2400000,0x0
1781235123,56.0,2400000,0x0
1781235124,54.9,2400000,0x0
1781235125,56.0,2400000,0x0
1781235126,55.4,2400000,0x0
1781235127,56.0,2400000,0x0
1781235128,56.5,2400000,0x0
1781235129,54.9,2400000,0x0
1781235130,56.0,2400000,0x0
1781235131,55.4,2400000,0x0
1781235132,54.3,2400000,0x0
1781235133,54.9,2400000,0x0
1781235134,54.9,2400000,0x0
1781235135,56.0,2400000,0x0
1781235136,54.9,2400000,0x0
1781235137,54.9,2400000,0x0
1781235138,54.9,2400000,0x0
1781235139,56.0,2400000,0x0
1781235140,55.4,2400000,0x0
1781235141,56.0,2400000,0x0
1781235142,54.9,2400000,0x0
1781235143,55.4,2400000,0x0
1781235144,56.0,2400000,0x0
1781235146,54.9,2400000,0x0
1781235147,54.3,2400000,0x0
1781235148,55.4,2400000,0x0
1781235149,54.9,2400000,0x0
1781235150,55.4,2400000,0x0
1781235151,54.9,2400000,0x0
1781235152,56.0,2400000,0x0
1781235153,55.4,2400000,0x0
1781235154,54.3,2400000,0x0
1781235155,54.3,2400000,0x0
1781235156,55.4,2400000,0x0
1781235157,56.0,2400000,0x0
1781235158,54.9,2400000,0x0
1781235159,56.0,2400000,0x0
1781235160,56.0,2400000,0x0
1781235161,55.4,2400000,0x0
1781235162,56.0,2400000,0x0
1781235163,56.0,2400000,0x0
1781235164,54.9,2400000,0x0
1781235165,54.9,2400000,0x0
1781235166,54.9,2400000,0x0
1781235167,56.5,2400000,0x0
1781235168,56.5,2400000,0x0
1781235169,54.9,2400000,0x0
1781235170,56.0,2400000,0x0
1781235171,54.9,2400000,0x0
1781235172,56.0,2400000,0x0
1781235173,55.4,2400000,0x0
1781235174,54.9,2400000,0x0
1781235175,54.9,2400000,0x0
1781235176,56.0,2400000,0x0
1781235177,56.5,2400000,0x0
1781235178,54.3,2400000,0x0
1781235179,56.0,2400000,0x0
1781235180,56.0,2400000,0x0
1781235182,54.9,2400000,0x0
1781235183,55.4,2400000,0x0
1781235184,56.0,2400000,0x0
1781235185,56.0,2400000,0x0
1781235186,54.9,2400000,0x0
1781235187,56.0,2400000,0x0
1781235188,54.3,2400000,0x0
1781235189,54.9,2400000,0x0
1781235190,54.9,2400000,0x0
1781235191,56.5,2400000,0x0
1781235192,55.4,2400000,0x0
1781235193,56.0,2400000,0x0
1781235194,56.0,2400000,0x0
1781235195,56.0,2400000,0x0
1781235196,56.0,2400000,0x0
1781235197,55.4,2400000,0x0
1781235198,56.0,2400000,0x0
1781235199,54.9,2400000,0x0
1781235200,54.9,2400000,0x0
1781235201,54.9,2400000,0x0
1781235202,54.9,2400000,0x0
1781235203,54.9,2400000,0x0
1781235204,55.4,2400000,0x0
1781235205,56.0,2400000,0x0
1781235206,56.0,2400000,0x0
1781235207,54.3,2400000,0x0
1781235208,54.9,2400000,0x0
1781235209,56.0,2400000,0x0
1781235210,54.9,2400000,0x0
1781235211,56.5,2400000,0x0
1781235212,56.0,2400000,0x0
1781235214,54.3,2400000,0x0
1781235215,56.0,2400000,0x0
1781235216,56.0,2400000,0x0
1781235217,55.4,2400000,0x0
1781235218,54.9,2400000,0x0
1781235219,54.9,2400000,0x0
1781235220,56.0,2400000,0x0
1781235221,54.9,2400000,0x0
1781235222,56.0,2400000,0x0
1781235223,54.9,2400000,0x0
1781235224,54.9,2400000,0x0
1781235225,54.9,2400000,0x0
1781235226,56.5,2400000,0x0
1781235227,54.3,2400000,0x0
1781235228,55.4,2400000,0x0
1781235229,54.9,2400000,0x0
1781235230,54.9,2400000,0x0
1781235231,56.0,2400000,0x0
1781235232,55.4,2400000,0x0
1781235233,56.0,2400000,0x0
1781235234,56.0,2400000,0x0
1781235235,56.0,2400000,0x0
1781235236,56.0,2400000,0x0
1781235237,54.9,2400000,0x0
1781235238,54.3,2400000,0x0
1781235239,56.0,2400000,0x0
1781235240,56.5,2400000,0x0
1781235241,55.4,2400000,0x0
1781235242,55.4,2400000,0x0
1781235244,54.9,2400000,0x0
1781235245,56.5,2400000,0x0
1781235246,55.4,2400000,0x0
1781235247,54.9,2400000,0x0
1781235248,55.4,2400000,0x0
1781235249,54.9,2400000,0x0
1781235250,56.5,2400000,0x0
1781235251,54.3,2400000,0x0
1781235252,54.3,2400000,0x0
1781235253,56.5,2400000,0x0
1781235254,56.5,2400000,0x0
1781235255,55.4,2400000,0x0
1781235256,54.3,2400000,0x0
1781235257,56.0,2400000,0x0
1781235258,56.0,2400000,0x0
1781235259,56.5,2400000,0x0
1781235260,56.0,2400000,0x0
1781235261,56.0,2400000,0x0
1781235262,55.4,2400000,0x0
1781235263,56.0,2400000,0x0
1781235264,56.0,2400000,0x0
1781235265,55.4,2400000,0x0
1781235266,56.0,2400000,0x0
1781235267,54.9,2400000,0x0
1781235268,54.9,2400000,0x0
1781235269,54.9,2400000,0x0
1781235270,54.9,2400000,0x0
1781235272,56.0,2400000,0x0
1781235273,54.3,2400000,0x0
1781235274,56.0,2400000,0x0
1781235275,56.5,2400000,0x0
1781235276,54.9,2400000,0x0
1781235277,56.5,2400000,0x0
1781235278,54.9,2400000,0x0
1781235279,54.9,2400000,0x0
1781235280,56.0,2400000,0x0
1781235281,54.3,2400000,0x0
1781235282,54.9,2400000,0x0
1781235283,54.9,2400000,0x0
1781235284,54.3,2400000,0x0
1781235285,56.0,2400000,0x0
1781235286,56.5,2400000,0x0
1781235287,56.0,2400000,0x0
1781235288,55.4,2400000,0x0
1781235289,56.0,2400000,0x0
1781235290,56.0,2400000,0x0
1781235291,54.9,2400000,0x0
1781235292,56.5,2400000,0x0
1781235293,54.3,2400000,0x0
1781235294,56.0,2400000,0x0
1781235295,54.9,2400000,0x0
1781235296,54.9,2400000,0x0
1781235297,55.4,2400000,0x0
1781235298,56.0,2400000,0x0
1781235299,56.0,2400000,0x0
1781235300,54.9,2400000,0x0
1781235301,54.9,2400000,0x0
1781235303,54.9,2400000,0x0
1781235304,56.0,2400000,0x0
1781235305,54.9,2400000,0x0
1781235306,55.4,2400000,0x0
1781235307,56.0,2400000,0x0
1781235308,56.0,2400000,0x0
1781235309,54.9,2400000,0x0
1781235310,56.0,2400000,0x0
1781235311,56.0,2400000,0x0
1781235312,54.9,2400000,0x0
1781235313,56.0,2400000,0x0
1781235314,54.3,2400000,0x0
1781235315,56.0,2400000,0x0
1781235316,54.9,2400000,0x0
1781235317,54.9,2400000,0x0
1781235318,54.9,2400000,0x0
1781235319,56.0,2400000,0x0
1781235320,56.0,2400000,0x0
1781235321,54.3,2400000,0x0
1781235322,54.3,2400000,0x0
1781235323,56.0,2400000,0x0
1781235324,54.9,2400000,0x0
1781235325,54.9,2400000,0x0
1781235326,55.4,2400000,0x0
1781235327,56.0,2400000,0x0
1781235328,56.0,2400000,0x0
1781235329,54.3,2400000,0x0
1781235330,56.0,2400000,0x0
1781235331,56.0,2400000,0x0
1781235332,55.4,2400000,0x0
1781235333,54.9,2400000,0x0
1781235334,55.4,2400000,0x0
1781235335,55.4,2400000,0x0
1781235336,56.0,2400000,0x0
1781235337,56.0,2400000,0x0
1781235338,55.4,2400000,0x0
1781235339,54.9,2400000,0x0
1781235340,54.9,2400000,0x0
1781235341,55.4,2400000,0x0
1781235343,56.5,2400000,0x0
1781235344,54.9,2400000,0x0
1781235345,56.0,2400000,0x0
1781235346,56.0,2400000,0x0
1781235347,54.9,2400000,0x0
1781235348,54.3,2400000,0x0
1781235349,56.0,2400000,0x0
1781235350,56.0,2400000,0x0
1781235351,55.4,2400000,0x0
1781235352,54.9,2400000,0x0
1781235353,56.0,2400000,0x0
1781235354,56.5,2400000,0x0
1781235355,56.0,2400000,0x0
1781235356,54.3,2400000,0x0
1781235357,54.3,2400000,0x0
1781235358,54.9,2400000,0x0
1781235359,56.0,2400000,0x0
1781235360,54.3,2400000,0x0
1781235361,56.0,2400000,0x0
1781235363,56.0,2400000,0x0
1781235364,56.0,2400000,0x0
1781235365,56.0,2400000,0x0
1781235366,54.9,2400000,0x0
1781235367,55.4,2400000,0x0
1781235368,56.0,2400000,0x0
1781235369,55.4,2400000,0x0
1781235370,55.4,2400000,0x0
1781235371,56.5,2400000,0x0
1781235372,55.4,2400000,0x0
1781235373,56.0,2400000,0x0
1781235374,56.5,2400000,0x0
1781235375,54.9,2400000,0x0
1781235376,54.9,2400000,0x0
1781235377,56.0,2400000,0x0
1781235378,56.0,2400000,0x0
1781235379,56.0,2400000,0x0
1781235380,54.9,2400000,0x0
1781235381,54.9,2400000,0x0
1781235382,54.9,2400000,0x0
1781235383,54.9,2400000,0x0
1781235384,56.0,2400000,0x0
1781235385,54.9,2400000,0x0
1781235386,56.0,2400000,0x0
1781235387,54.9,2400000,0x0
1781235388,56.5,2400000,0x0
1781235389,54.9,2400000,0x0
1781235390,54.9,2400000,0x0
1781235391,56.0,2400000,0x0
1781235392,54.3,2400000,0x0
1781235393,54.9,2400000,0x0
1781235394,56.5,2400000,0x0
1781235395,55.4,2400000,0x0
1781235396,56.0,2400000,0x0
1781235397,54.9,2400000,0x0
1781235398,56.5,2400000,0x0
1781235399,54.9,2400000,0x0
1781235400,56.0,2400000,0x0
1781235401,54.9,2400000,0x0
1781235402,56.5,2400000,0x0
1781235403,54.9,2400000,0x0
1781235404,56.0,2400000,0x0
1781235405,55.4,2400000,0x0
1781235406,56.0,2400000,0x0
1781235407,54.9,2400000,0x0
1781235408,56.5,2400000,0x0
1781235409,56.5,2400000,0x0
1781235410,54.9,2400000,0x0
1781235411,54.9,2400000,0x0
1781235412,56.0,2400000,0x0
1781235413,56.0,2400000,0x0
1781235414,56.0,2400000,0x0
1781235415,54.9,2400000,0x0
1781235416,55.4,2400000,0x0
1781235417,56.0,2400000,0x0
1781235418,56.0,2400000,0x0
1781235419,54.3,2400000,0x0
1781235420,56.0,2400000,0x0
1781235421,56.5,2400000,0x0
1781235422,54.9,2400000,0x0
1781235423,54.9,2400000,0x0
1781235425,54.3,2400000,0x0
1781235426,54.9,2400000,0x0
1781235427,56.5,2400000,0x0
1781235428,56.5,2400000,0x0
1781235429,56.5,2400000,0x0
1781235430,54.9,2400000,0x0
1781235431,54.3,2400000,0x0
1781235432,55.4,2400000,0x0
1781235433,56.0,2400000,0x0
1781235434,55.4,2400000,0x0
1781235435,54.9,2400000,0x0
1781235436,56.0,2400000,0x0
1781235437,56.0,2400000,0x0
1781235438,55.4,2400000,0x0
1781235439,56.0,2400000,0x0
1781235440,54.9,2400000,0x0
1781235441,54.9,2400000,0x0
1781235442,56.0,2400000,0x0
1781235443,55.4,2400000,0x0
1781235444,56.0,2400000,0x0
1781235445,56.0,2400000,0x0
1781235446,56.0,2400000,0x0
1781235447,56.0,2400000,0x0
1781235448,54.9,2400000,0x0
1781235449,54.9,2400000,0x0
1781235450,55.4,2400000,0x0
1781235451,55.4,2400000,0x0
1781235452,55.4,2400000,0x0
1781235453,55.4,2400000,0x0
1781235454,56.5,2400000,0x0
1781235455,55.4,2400000,0x0
1781235456,55.4,2400000,0x0
1781235457,56.5,2400000,0x0
1781235458,54.3,2400000,0x0
1781235459,55.4,2400000,0x0
1781235461,54.9,2400000,0x0
1781235462,56.0,2400000,0x0
1781235463,56.0,2400000,0x0
1781235464,54.9,2400000,0x0
1781235465,54.9,2400000,0x0
1781235466,56.0,2400000,0x0
1781235467,56.0,2400000,0x0
1781235468,56.0,2400000,0x0
1781235469,55.4,2400000,0x0
1781235470,56.0,2400000,0x0
1781235471,56.0,2400000,0x0
1781235472,55.4,2400000,0x0
1781235473,54.3,2400000,0x0
1781235474,56.5,2400000,0x0
1781235475,56.0,2400000,0x0
1781235476,55.4,2400000,0x0
1781235477,55.4,2400000,0x0
1781235478,56.0,2400000,0x0
1781235479,55.4,2400000,0x0
1781235480,56.0,2400000,0x0
1781235481,56.0,2400000,0x0
1781235482,54.9,2400000,0x0
1781235483,54.3,2400000,0x0
1781235484,56.0,2400000,0x0
1781235485,56.0,2400000,0x0
1781235486,54.9,2400000,0x0
1781235487,56.0,2400000,0x0
1781235488,56.0,2400000,0x0
1781235489,56.0,2400000,0x0
1781235490,56.5,2400000,0x0
1781235491,56.0,2400000,0x0
1781235492,55.4,2400000,0x0
1781235493,54.9,2400000,0x0
1781235494,56.0,2400000,0x0
1781235495,55.4,2400000,0x0
1781235496,55.4,2400000,0x0
1781235497,56.5,2400000,0x0
1781235498,54.9,2400000,0x0
1781235499,56.0,2400000,0x0
1781235501,57.6,2400000,0x0
1781235502,54.9,2400000,0x0
1781235503,54.9,2400000,0x0
1781235504,55.4,2400000,0x0
1781235505,56.0,2400000,0x0
1781235506,56.5,2400000,0x0
1781235507,56.0,2400000,0x0
1781235508,54.9,2400000,0x0
1781235509,54.9,2400000,0x0
1781235510,56.0,2400000,0x0
1781235511,56.5,2400000,0x0
1781235512,56.5,2400000,0x0
1781235513,56.0,2400000,0x0
1781235514,56.0,2400000,0x0
1781235515,56.0,2400000,0x0
1781235516,54.9,2400000,0x0
1781235517,56.5,2400000,0x0
1781235518,54.9,2400000,0x0
1781235519,55.4,2400000,0x0
1781235520,56.0,2400000,0x0
1781235521,56.0,2400000,0x0
1781235523,56.0,2400000,0x0
1781235524,54.9,2400000,0x0
1781235525,54.3,2400000,0x0
1781235526,54.9,2400000,0x0
1781235527,54.9,2400000,0x0
1781235528,55.4,2400000,0x0
1781235529,54.9,2400000,0x0
1781235530,56.0,2400000,0x0
1781235531,54.9,2400000,0x0
1781235532,56.5,2400000,0x0
1781235533,55.4,2400000,0x0
1781235534,56.5,2400000,0x0
1781235535,56.0,2400000,0x0
1781235536,54.9,2400000,0x0
1781235537,56.5,2400000,0x0
1781235538,55.4,2400000,0x0
1781235539,54.9,2400000,0x0
1781235540,55.4,2400000,0x0
1781235541,56.0,2400000,0x0
1781235542,54.9,2400000,0x0
1781235543,56.0,2400000,0x0
1781235544,56.5,2400000,0x0
1781235545,55.4,2400000,0x0
1781235546,54.9,2400000,0x0
1781235547,54.9,2400000,0x0
1781235548,55.4,2400000,0x0
1781235549,54.9,2400000,0x0
1781235550,54.9,2400000,0x0
1781235551,56.0,2400000,0x0
1781235552,54.9,2400000,0x0
1781235553,56.0,2400000,0x0
1781235554,56.0,2400000,0x0
1781235555,55.4,2400000,0x0
1781235557,56.5,2400000,0x0
1781235558,56.5,2400000,0x0
1781235559,54.3,2400000,0x0
1781235560,55.4,2400000,0x0
1781235561,55.4,2400000,0x0
1781235562,56.0,2400000,0x0
1781235563,54.9,2400000,0x0
1781235564,55.4,2400000,0x0
1781235565,54.3,2400000,0x0
1781235566,56.5,2400000,0x0
1781235567,55.4,2400000,0x0
1781235568,56.5,2400000,0x0
1781235569,55.4,2400000,0x0
1781235570,56.0,2400000,0x0
1781235571,54.9,2400000,0x0
1781235572,54.9,2400000,0x0
1781235573,56.5,2400000,0x0
1781235574,56.0,2400000,0x0
1781235575,56.0,2400000,0x0
1781235576,54.9,2400000,0x0
1781235577,56.0,2400000,0x0
1781235578,56.0,2400000,0x0
1781235579,54.9,2400000,0x0
1781235580,55.4,2400000,0x0
1781235581,54.3,2400000,0x0
1781235582,55.4,2400000,0x0
1781235584,55.4,2400000,0x0
1781235585,56.0,2400000,0x0
1781235586,56.0,2400000,0x0
1781235587,55.4,2400000,0x0
1781235588,55.4,2400000,0x0
1781235589,56.0,2400000,0x0
1781235590,54.3,2400000,0x0
1781235591,54.9,2400000,0x0
1781235592,56.5,2400000,0x0
1781235593,56.0,2400000,0x0
1781235594,56.0,2400000,0x0
1781235595,54.9,2400000,0x0
1781235596,56.0,2400000,0x0
1781235597,54.3,2400000,0x0
1781235598,56.0,2400000,0x0
1781235599,56.5,2400000,0x0
1781235600,56.5,2400000,0x0
1781235601,54.9,2400000,0x0
1781235602,56.0,2400000,0x0
1781235603,54.3,2400000,0x0
1781235604,56.0,2400000,0x0
1781235605,55.4,2400000,0x0
1781235606,53.2,2400000,0x0
1781235607,54.9,2400000,0x0
1781235608,56.5,2400000,0x0
1781235609,54.9,2400000,0x0
1781235610,54.9,2400000,0x0
1781235611,56.0,2400000,0x0
1781235612,55.4,2400000,0x0
1781235613,56.0,2400000,0x0
1781235614,54.9,2400000,0x0
1781235615,56.0,2400000,0x0
1781235616,55.4,2400000,0x0
1781235617,56.0,2400000,0x0
1781235618,56.0,2400000,0x0
1781235619,56.5,2400000,0x0
1781235620,55.4,2400000,0x0
1781235622,54.9,2400000,0x0
1781235623,56.0,2400000,0x0
1781235624,56.0,2400000,0x0
1781235625,54.9,2400000,0x0
1781235626,54.9,2400000,0x0
1781235627,56.5,2400000,0x0
1781235628,53.8,2400000,0x0
1781235629,55.4,2400000,0x0
1781235630,54.9,2400000,0x0
1781235631,54.9,2400000,0x0
1781235632,56.0,2400000,0x0
1781235633,56.0,2400000,0x0
1781235634,54.9,2400000,0x0
1781235635,56.5,2400000,0x0
1781235636,56.5,2400000,0x0
1781235637,56.0,2400000,0x0
1781235638,56.0,2400000,0x0
1781235639,54.9,2400000,0x0
1781235640,54.9,2400000,0x0
1781235641,56.0,2400000,0x0
1781235642,55.4,2400000,0x0
1781235643,56.0,2400000,0x0
1781235644,56.0,2400000,0x0
1781235645,56.0,2400000,0x0
1781235646,54.3,2400000,0x0
1781235647,56.5,2400000,0x0
1781235648,54.9,2400000,0x0
1781235649,55.4,2400000,0x0
1781235650,56.0,2400000,0x0
1781235651,56.0,2400000,0x0
1781235652,54.9,2400000,0x0
1781235653,54.9,2400000,0x0
1781235654,54.9,2400000,0x0
1781235655,54.9,2400000,0x0
1781235656,55.4,2400000,0x0
1781235657,55.4,2400000,0x0
1781235659,54.9,2400000,0x0
1781235660,56.0,2400000,0x0
1781235661,54.9,2400000,0x0
1781235662,56.0,2400000,0x0
1781235663,54.9,2400000,0x0
1781235664,56.0,2400000,0x0
1781235665,56.0,2400000,0x0
1781235666,55.4,2400000,0x0
1781235667,54.9,2400000,0x0
1781235668,55.4,2400000,0x0
1781235669,56.0,2400000,0x0
1781235670,55.4,2400000,0x0
1781235671,56.0,2400000,0x0
1781235672,56.0,2400000,0x0
1781235673,56.0,2400000,0x0
1781235674,54.9,2400000,0x0
1781235675,55.4,2400000,0x0
1781235676,56.0,2400000,0x0
1781235677,54.9,2400000,0x0
1781235678,54.3,2400000,0x0
1781235680,56.0,2400000,0x0
1781235681,55.4,2400000,0x0
1781235682,56.0,2400000,0x0
1781235683,55.4,2400000,0x0
1781235684,55.4,2400000,0x0
1781235685,54.9,2400000,0x0
1781235686,54.9,2400000,0x0
1781235687,54.9,2400000,0x0
1781235688,56.5,2400000,0x0
1781235689,54.9,2400000,0x0
1781235690,56.0,2400000,0x0
1781235691,55.4,2400000,0x0
1781235692,54.9,2400000,0x0
1781235693,54.3,2400000,0x0
1781235694,55.4,2400000,0x0
1781235695,54.9,2400000,0x0
1781235696,54.3,2400000,0x0
1781235697,55.4,2400000,0x0
1781235698,56.0,2400000,0x0
1781235699,55.4,2400000,0x0
1781235700,55.4,2400000,0x0
1781235701,56.0,2400000,0x0
1781235702,56.0,2400000,0x0
1781235703,55.4,2400000,0x0
1781235704,56.5,2400000,0x0
1781235705,56.5,2400000,0x0
1781235706,55.4,2400000,0x0
1781235707,56.0,2400000,0x0
1781235708,54.9,2400000,0x0
1781235709,56.0,2400000,0x0
1781235710,56.0,2400000,0x0
1781235711,55.4,2400000,0x0
1781235712,56.5,2400000,0x0
1781235713,54.9,2400000,0x0
1781235715,56.5,2400000,0x0
1781235716,56.0,2400000,0x0
1781235717,56.5,2400000,0x0
1781235718,54.9,2400000,0x0
1781235719,56.0,2400000,0x0
1781235720,54.9,2400000,0x0
1781235721,54.3,2400000,0x0
1781235722,56.5,2400000,0x0
1781235723,56.0,2400000,0x0
1781235724,54.9,2400000,0x0
1781235725,55.4,2400000,0x0
1781235726,55.4,2400000,0x0
1781235727,56.0,2400000,0x0
1781235728,54.9,2400000,0x0
1781235729,56.5,2400000,0x0
1781235730,54.9,2400000,0x0
1781235731,55.4,2400000,0x0
1781235732,54.3,2400000,0x0
1781235733,56.5,2400000,0x0
1781235734,54.9,2400000,0x0
1781235735,54.9,2400000,0x0
1781235736,56.0,2400000,0x0
1781235737,56.5,2400000,0x0
1781235738,56.0,2400000,0x0
1781235739,56.0,2400000,0x0
1781235740,56.5,2400000,0x0
1781235741,56.0,2400000,0x0
1781235743,56.0,2400000,0x0
1781235744,55.4,2400000,0x0
1781235745,56.0,2400000,0x0
1781235746,54.9,2400000,0x0
1781235747,54.9,2400000,0x0
1781235748,56.0,2400000,0x0
1781235749,54.9,2400000,0x0
1781235750,56.0,2400000,0x0
1781235751,56.0,2400000,0x0
1781235752,56.5,2400000,0x0
1781235753,56.0,2400000,0x0
1781235754,56.0,2400000,0x0
1781235755,54.9,2400000,0x0
1781235756,54.9,2400000,0x0
1781235757,54.3,2400000,0x0
1781235758,56.0,2400000,0x0
1781235759,54.9,2400000,0x0
1781235760,55.4,2400000,0x0
1781235761,54.9,2400000,0x0
1781235762,54.3,2400000,0x0
1781235763,54.9,2400000,0x0
1781235764,54.9,2400000,0x0
1781235765,56.0,2400000,0x0
1781235766,56.0,2400000,0x0
1781235767,54.9,2400000,0x0
1781235768,56.0,2400000,0x0
1781235769,54.9,2400000,0x0
1781235770,54.9,2400000,0x0
1781235771,55.4,2400000,0x0
1781235772,56.0,2400000,0x0
1781235773,56.5,2400000,0x0
1781235774,54.9,2400000,0x0
1781235776,56.5,2400000,0x0
1781235777,56.5,2400000,0x0
1781235778,54.9,2400000,0x0
1781235779,56.0,2400000,0x0
1781235780,54.9,2400000,0x0
1781235781,54.9,2400000,0x0
1781235782,56.0,2400000,0x0
1781235783,55.4,2400000,0x0
1781235784,54.9,2400000,0x0
1781235785,56.5,2400000,0x0
1781235786,56.0,2400000,0x0
1781235787,55.4,2400000,0x0
1781235788,55.4,2400000,0x0
1781235789,54.3,2400000,0x0
1781235790,56.5,2400000,0x0
1781235791,56.0,2400000,0x0
1781235792,56.5,2400000,0x0
1781235793,55.4,2400000,0x0
1781235794,54.9,2400000,0x0
1781235795,56.0,2400000,0x0
1781235796,56.0,2400000,0x0
1781235797,54.9,2400000,0x0
1781235798,54.9,2400000,0x0
1781235799,54.9,2400000,0x0
1781235800,54.9,2400000,0x0
1781235802,54.3,2400000,0x0
1781235803,56.0,2400000,0x0
1781235804,56.0,2400000,0x0
1781235805,54.9,2400000,0x0
1781235806,56.0,2400000,0x0
1781235807,54.3,2400000,0x0
1781235808,54.9,2400000,0x0
1781235809,54.9,2400000,0x0
1781235810,56.0,2400000,0x0
1781235811,54.9,2400000,0x0
1781235812,55.4,2400000,0x0
1781235813,56.0,2400000,0x0
1781235814,56.5,2400000,0x0
1781235815,56.0,2400000,0x0
1781235816,56.0,2400000,0x0
1781235817,54.9,2400000,0x0
1781235818,56.0,2400000,0x0
1781235819,56.0,2400000,0x0
1781235820,56.0,2400000,0x0
1781235821,56.0,2400000,0x0
1781235822,54.9,2400000,0x0
1781235823,57.1,2400000,0x0
1781235824,54.9,2400000,0x0
1781235825,54.3,2400000,0x0
1781235826,54.3,2400000,0x0
1781235827,55.4,2400000,0x0
1781235828,55.4,2400000,0x0
1781235829,56.0,2400000,0x0
1781235831,56.0,2400000,0x0
1781235832,55.4,2400000,0x0
1781235833,55.4,2400000,0x0
1781235834,56.0,2400000,0x0
1781235835,54.9,2400000,0x0
1781235836,55.4,2400000,0x0
1781235837,54.9,2400000,0x0
1781235838,56.5,2400000,0x0
1781235839,54.9,2400000,0x0
1781235840,56.0,2400000,0x0
1781235841,56.5,2400000,0x0
1781235842,56.0,2400000,0x0
1781235843,55.4,2400000,0x0
1781235844,54.9,2400000,0x0
1781235845,55.4,2400000,0x0
1781235846,54.9,2400000,0x0
1781235847,56.0,2400000,0x0
1781235848,54.9,2400000,0x0
1781235849,56.0,2400000,0x0
1781235850,56.5,2400000,0x0
1781235851,56.5,2400000,0x0
1781235852,54.9,2400000,0x0
1781235853,55.4,2400000,0x0
1781235854,54.9,2400000,0x0
1781235855,57.1,2400000,0x0
1781235856,55.4,2400000,0x0
1781235857,56.0,2400000,0x0
1781235858,54.9,2400000,0x0
1781235859,56.0,2400000,0x0
1781235860,56.5,2400000,0x0
1781235861,54.9,2400000,0x0
1781235862,54.9,2400000,0x0
1781235863,55.4,2400000,0x0
1781235864,54.9,2400000,0x0
1781235865,55.4,2400000,0x0
1781235866,56.5,2400000,0x0
1781235867,55.4,2400000,0x0
1781235868,54.9,2400000,0x0
1781235870,54.9,2400000,0x0
1781235871,56.0,2400000,0x0
1781235872,56.5,2400000,0x0
1781235873,56.0,2400000,0x0
1781235874,54.9,2400000,0x0
1781235875,56.0,2400000,0x0
1781235876,54.9,2400000,0x0
1781235877,56.0,2400000,0x0
1781235878,56.0,2400000,0x0
1781235879,56.0,2400000,0x0
1781235880,56.0,2400000,0x0
1781235881,55.4,2400000,0x0
1781235882,55.4,2400000,0x0
1781235883,54.3,2400000,0x0
1781235884,56.5,2400000,0x0
1781235885,54.9,2400000,0x0
1781235887,55.4,2400000,0x0
1781235888,54.9,2400000,0x0
1781235889,54.9,2400000,0x0
1781235890,54.9,2400000,0x0
1781235891,54.9,2400000,0x0
1781235892,56.0,2400000,0x0
1781235893,54.9,2400000,0x0
1781235894,54.9,2400000,0x0
1781235895,56.0,2400000,0x0
1781235896,56.0,2400000,0x0
1781235897,56.0,2400000,0x0
1781235898,54.3,2400000,0x0
1781235899,53.2,2400000,0x0
1781235900,56.0,2400000,0x0
1781235901,56.0,2400000,0x0
1781235902,56.0,2400000,0x0
1781235903,56.0,2400000,0x0
1781235904,54.9,2400000,0x0
1781235905,54.9,2400000,0x0
1781235906,56.0,2400000,0x0
1781235907,56.0,2400000,0x0
1781235908,54.9,2400000,0x0
1781235909,55.4,2400000,0x0
1781235910,56.0,2400000,0x0
1781235911,54.3,2400000,0x0
1781235912,56.0,2400000,0x0
1781235913,54.9,2400000,0x0
1781235914,54.9,2400000,0x0
1781235915,56.0,2400000,0x0
1781235916,55.4,2400000,0x0
1781235917,56.0,2400000,0x0
1781235918,54.3,2400000,0x0
1781235919,56.0,2400000,0x0
1781235920,56.5,2400000,0x0
1781235922,56.0,2400000,0x0
1781235923,56.0,2400000,0x0
1781235924,54.9,2400000,0x0
1781235925,55.4,2400000,0x0
1781235926,56.0,2400000,0x0
1781235927,55.4,2400000,0x0
1781235928,56.0,2400000,0x0
1781235929,56.5,2400000,0x0
1781235930,56.0,2400000,0x0
1781235931,54.9,2400000,0x0
1781235932,54.3,2400000,0x0
1781235933,56.0,2400000,0x0
1781235934,55.4,2400000,0x0
1781235935,56.0,2400000,0x0
1781235936,55.4,2400000,0x0
1781235937,56.0,2400000,0x0
1781235938,54.9,2400000,0x0
1781235939,54.9,2400000,0x0
1781235940,54.9,2400000,0x0
1781235941,55.4,2400000,0x0
1781235942,54.9,2400000,0x0
1781235943,55.4,2400000,0x0
1781235944,55.4,2400000,0x0
1781235945,54.9,2400000,0x0
1781235946,55.4,2400000,0x0
1781235947,54.9,2400000,0x0
1781235948,56.5,2400000,0x0
1781235949,54.9,2400000,0x0
1781235950,56.5,2400000,0x0
1781235951,56.0,2400000,0x0
1781235952,56.0,2400000,0x0
1781235953,56.0,2400000,0x0
1781235954,54.9,2400000,0x0
1781235955,54.9,2400000,0x0
1781235956,56.5,2400000,0x0
1781235957,54.9,2400000,0x0
1781235958,54.9,2400000,0x0
1781235959,56.0,2400000,0x0
1781235960,55.4,2400000,0x0
1781235961,54.9,2400000,0x0
1781235962,55.4,2400000,0x0
1781235963,56.0,2400000,0x0
1781235964,56.0,2400000,0x0
1781235965,54.9,2400000,0x0
1781235966,56.5,2400000,0x0
1781235967,54.9,2400000,0x0
1781235968,56.5,2400000,0x0
1781235969,55.4,2400000,0x0
1781235970,54.9,2400000,0x0
1781235971,56.0,2400000,0x0
1781235972,56.5,2400000,0x0
1781235973,56.0,2400000,0x0
1781235974,56.0,2400000,0x0
1781235975,54.9,2400000,0x0
1781235976,54.9,2400000,0x0
1781235977,54.9,2400000,0x0
1781235978,55.4,2400000,0x0
1781235979,56.5,2400000,0x0
1781235980,55.4,2400000,0x0
1781235981,55.4,2400000,0x0
1781235982,56.0,2400000,0x0
1781235984,54.9,2400000,0x0
1781235985,54.9,2400000,0x0
1781235986,56.0,2400000,0x0
1781235987,54.9,2400000,0x0
1781235988,54.9,2400000,0x0
1781235989,56.0,2400000,0x0
1781235990,54.9,2400000,0x0
1781235991,54.9,2400000,0x0
1781235992,56.5,2400000,0x0
1781235993,54.3,2400000,0x0
1781235994,54.9,2400000,0x0
1781235995,56.0,2400000,0x0
1781235996,54.9,2400000,0x0
1781235997,56.0,2400000,0x0
1781235998,56.0,2400000,0x0
1781235999,54.3,2400000,0x0
1781236000,56.0,2400000,0x0
1781236001,54.9,2400000,0x0
1781236002,56.0,2400000,0x0
1781236003,54.9,2400000,0x0
1781236004,56.0,2400000,0x0
1781236005,56.5,2400000,0x0
1781236006,56.0,2400000,0x0
1781236007,56.0,2400000,0x0
1781236008,56.0,2400000,0x0
1781236009,54.9,2400000,0x0
1781236010,54.9,2400000,0x0
1781236011,56.0,2400000,0x0
1781236012,56.0,2400000,0x0
1781236013,56.0,2400000,0x0
1781236014,56.5,2400000,0x0
1781236015,56.0,2400000,0x0
1781236016,56.0,2400000,0x0
1781236017,56.0,2400000,0x0
1781236018,56.0,2400000,0x0
1781236019,54.9,2400000,0x0
1781236020,56.5,2400000,0x0
1781236021,53.8,2400000,0x0
1781236022,54.9,2400000,0x0
1781236023,55.4,2400000,0x0
1781236024,55.4,2400000,0x0
1781236025,54.9,2400000,0x0
1781236026,53.8,2400000,0x0
1781236027,56.0,2400000,0x0
1781236028,54.9,2400000,0x0
1781236029,55.4,2400000,0x0
1781236030,54.9,2400000,0x0
1781236031,54.9,2400000,0x0
1781236032,54.3,2400000,0x0
1781236033,54.9,2400000,0x0
1781236034,56.5,2400000,0x0
1781236035,56.0,2400000,0x0
1781236036,54.9,2400000,0x0
1781236037,54.9,2400000,0x0
1781236038,56.0,2400000,0x0
1781236039,54.9,2400000,0x0
1781236040,54.9,2400000,0x0
1781236041,56.0,2400000,0x0
1781236042,55.4,2400000,0x0
1781236043,55.4,2400000,0x0
1781236044,57.6,2400000,0x0
1781236045,56.5,2400000,0x0
1781236046,55.4,2400000,0x0
1781236047,54.9,2400000,0x0
1781236048,54.9,2400000,0x0
1781236049,55.4,2400000,0x0
1781236050,56.5,2400000,0x0
1781236052,55.4,2400000,0x0
1781236053,56.0,2400000,0x0
1781236054,54.9,2400000,0x0
1781236055,56.5,2400000,0x0
1781236056,54.9,2400000,0x0
1781236057,55.4,2400000,0x0
1781236058,54.9,2400000,0x0
1781236059,56.0,2400000,0x0
1781236060,54.9,2400000,0x0
1781236061,55.4,2400000,0x0
1781236062,54.9,2400000,0x0
1781236063,54.9,2400000,0x0
1781236064,55.4,2400000,0x0
1781236065,54.9,2400000,0x0
1781236066,56.0,2400000,0x0
1781236067,54.9,2400000,0x0
1781236068,54.9,2400000,0x0
1781236069,56.0,2400000,0x0
1781236070,56.0,2400000,0x0
1781236071,55.4,2400000,0x0
1781236072,56.0,2400000,0x0
1781236073,54.9,2400000,0x0
1781236074,54.9,2400000,0x0
1781236075,54.9,2400000,0x0
1781236076,55.4,2400000,0x0
1781236077,56.5,2400000,0x0
1781236078,55.4,2400000,0x0
1781236079,56.5,2400000,0x0
1781236080,54.9,2400000,0x0
1781236081,55.4,2400000,0x0
1781236082,56.0,2400000,0x0
1781236083,54.9,2400000,0x0
1781236084,56.5,2400000,0x0
1781236085,54.9,2400000,0x0
1781236086,56.0,2400000,0x0
1781236088,54.9,2400000,0x0
1781236089,54.9,2400000,0x0
1781236090,56.0,2400000,0x0
1781236091,56.0,2400000,0x0
1781236092,54.9,2400000,0x0
1781236093,56.0,2400000,0x0
1781236094,56.0,2400000,0x0
1781236095,56.0,2400000,0x0
1781236096,54.3,2400000,0x0
1781236097,56.0,2400000,0x0
1781236098,56.0,2400000,0x0
1781236099,56.0,2400000,0x0
1781236100,57.1,2400000,0x0
1781236101,56.0,2400000,0x0
1781236102,55.4,2400000,0x0
1781236103,56.0,2400000,0x0
1781236104,54.9,2400000,0x0
1781236105,56.0,2400000,0x0
1781236106,56.0,2400000,0x0
1781236107,56.0,2400000,0x0
1781236108,56.5,2400000,0x0
1781236109,56.0,2400000,0x0
1781236110,56.0,2400000,0x0
1781236111,55.4,2400000,0x0
1781236112,54.9,2400000,0x0
1781236113,56.0,2400000,0x0
1781236114,55.4,2400000,0x0
1781236116,55.4,2400000,0x0
1781236117,56.0,2400000,0x0
1781236118,56.5,2400000,0x0
1781236119,56.0,2400000,0x0
1781236120,56.0,2400000,0x0
1781236121,56.0,2400000,0x0
1781236122,54.3,2400000,0x0
1781236123,54.9,2400000,0x0
1781236124,54.9,2400000,0x0
1781236125,56.5,2400000,0x0
1781236126,56.0,2400000,0x0
1781236127,56.0,2400000,0x0
1781236128,55.4,2400000,0x0
1781236129,54.9,2400000,0x0
1781236130,54.9,2400000,0x0
1781236131,54.3,2400000,0x0
1781236132,56.5,2400000,0x0
1781236133,56.5,2400000,0x0
1781236134,54.9,2400000,0x0
1781236135,55.4,2400000,0x0
1781236136,56.0,2400000,0x0
1781236137,55.4,2400000,0x0
1781236138,55.4,2400000,0x0
1781236139,56.0,2400000,0x0
1781236140,56.5,2400000,0x0
1781236141,54.9,2400000,0x0
1781236142,56.0,2400000,0x0
1781236143,56.0,2400000,0x0
1781236144,55.4,2400000,0x0
1781236145,55.4,2400000,0x0
1781236146,54.9,2400000,0x0
1781236147,55.4,2400000,0x0
1781236148,54.9,2400000,0x0
1781236149,55.4,2400000,0x0
1781236151,54.3,2400000,0x0
1781236152,54.9,2400000,0x0
1781236153,56.0,2400000,0x0
1781236154,56.5,2400000,0x0
1781236155,54.9,2400000,0x0
1781236156,56.5,2400000,0x0
1781236157,56.0,2400000,0x0
1781236158,54.3,2400000,0x0
1781236159,54.9,2400000,0x0
1781236160,54.9,2400000,0x0
1781236161,55.4,2400000,0x0
1781236162,54.9,2400000,0x0
1781236163,56.0,2400000,0x0
1781236164,56.5,2400000,0x0
1781236165,56.5,2400000,0x0
1781236166,56.0,2400000,0x0
1781236167,54.9,2400000,0x0
1781236168,54.9,2400000,0x0
1781236169,54.9,2400000,0x0
1781236170,55.4,2400000,0x0
1781236171,55.4,2400000,0x0
1781236172,56.0,2400000,0x0
1781236173,56.0,2400000,0x0
1781236174,54.9,2400000,0x0
1781236175,56.0,2400000,0x0
1781236176,56.0,2400000,0x0
1781236177,56.5,2400000,0x0
1781236178,56.0,2400000,0x0
1781236179,56.0,2400000,0x0
1781236180,55.4,2400000,0x0
1781236181,56.0,2400000,0x0
1781236182,56.5,2400000,0x0
1781236183,56.0,2400000,0x0
1781236184,56.0,2400000,0x0
1781236185,54.9,2400000,0x0
1781236186,54.9,2400000,0x0
1781236187,56.0,2400000,0x0
1781236189,56.0,2400000,0x0
1781236190,54.9,2400000,0x0
1781236191,54.9,2400000,0x0
1781236192,56.5,2400000,0x0
1781236193,56.0,2400000,0x0
1781236194,54.9,2400000,0x0
1781236195,54.9,2400000,0x0
1781236196,56.5,2400000,0x0
1781236197,56.0,2400000,0x0
1781236198,56.0,2400000,0x0
1781236199,54.9,2400000,0x0
1781236200,54.9,2400000,0x0
1781236201,54.9,2400000,0x0
1781236202,54.9,2400000,0x0
1781236203,54.9,2400000,0x0
1781236204,56.5,2400000,0x0
1781236205,54.9,2400000,0x0
1781236206,54.9,2400000,0x0
1781236207,55.4,2400000,0x0
1781236208,56.0,2400000,0x0
1781236209,54.9,2400000,0x0
1781236210,56.0,2400000,0x0
1781236211,54.9,2400000,0x0
1781236213,56.0,2400000,0x0
1781236214,56.0,2400000,0x0
1781236215,54.9,2400000,0x0
1781236216,56.0,2400000,0x0
1781236217,55.4,2400000,0x0
1781236218,56.0,2400000,0x0
1781236219,56.5,2400000,0x0
1781236220,55.4,2400000,0x0
1781236221,56.0,2400000,0x0
1781236222,54.9,2400000,0x0
1781236223,54.9,2400000,0x0
1781236224,54.9,2400000,0x0
1781236225,54.9,2400000,0x0
1781236226,54.9,2400000,0x0
1781236227,54.9,2400000,0x0
1781236228,56.0,2400000,0x0
1781236229,56.5,2400000,0x0
1781236230,56.0,2400000,0x0
1781236231,56.0,2400000,0x0
1781236232,55.4,2400000,0x0
1781236233,54.3,2400000,0x0
1781236234,54.9,2400000,0x0
1781236235,56.0,2400000,0x0
1781236236,54.9,2400000,0x0
1781236237,56.5,2400000,0x0
1781236238,56.5,2400000,0x0
1781236239,54.9,2400000,0x0
1781236240,54.9,2400000,0x0
1781236241,54.9,2400000,0x0
1781236242,56.0,2400000,0x0
1781236243,54.9,2400000,0x0
1781236244,54.9,2400000,0x0
1781236245,54.9,2400000,0x0
1781236246,54.9,2400000,0x0
1781236248,56.0,2400000,0x0
1781236249,55.4,2400000,0x0
1781236250,55.4,2400000,0x0
1781236251,54.3,2400000,0x0
1781236252,56.0,2400000,0x0
1781236253,56.0,2400000,0x0
1781236254,56.5,2400000,0x0
1781236255,56.5,2400000,0x0
1781236256,56.0,2400000,0x0
1781236257,54.9,2400000,0x0
1781236258,57.1,2400000,0x0
1781236259,56.0,2400000,0x0
1781236260,55.4,2400000,0x0
1781236261,54.3,2400000,0x0
1781236262,56.5,2400000,0x0
1781236263,56.0,2400000,0x0
1781236264,55.4,2400000,0x0
1781236265,54.9,2400000,0x0
1781236266,56.0,2400000,0x0
1781236267,56.5,2400000,0x0
1781236268,54.9,2400000,0x0
1781236269,54.9,2400000,0x0
1781236270,56.5,2400000,0x0
1781236271,56.0,2400000,0x0
1781236272,54.9,2400000,0x0
1781236273,56.0,2400000,0x0
1781236274,54.9,2400000,0x0
1781236275,56.0,2400000,0x0
1781236276,56.0,2400000,0x0
1781236277,56.0,2400000,0x0
1781236278,54.9,2400000,0x0
1781236279,54.9,2400000,0x0
1781236280,54.9,2400000,0x0
1781236281,55.4,2400000,0x0
1781236282,55.4,2400000,0x0
1781236283,55.4,2400000,0x0
1781236284,55.4,2400000,0x0
1781236285,56.5,2400000,0x0
1781236286,56.0,2400000,0x0
1781236288,54.9,2400000,0x0
1781236289,54.9,2400000,0x0
1781236290,56.0,2400000,0x0
1781236291,56.0,2400000,0x0
1781236292,54.9,2400000,0x0
1781236293,56.0,2400000,0x0
1781236294,56.0,2400000,0x0
1781236295,55.4,2400000,0x0
1781236296,56.5,2400000,0x0
1781236297,56.0,2400000,0x0
1781236298,57.1,2400000,0x0
1781236299,56.0,2400000,0x0
1781236300,55.4,2400000,0x0
1781236301,54.9,2400000,0x0
1781236302,56.0,2400000,0x0
1781236303,54.9,2400000,0x0
1781236304,54.9,2400000,0x0
1781236305,54.9,2400000,0x0
1781236306,56.0,2400000,0x0
1781236307,56.0,2400000,0x0
1781236308,54.3,2400000,0x0
1781236309,55.4,2400000,0x0
1781236310,54.9,2400000,0x0
1781236311,54.9,2400000,0x0
1781236312,55.4,2400000,0x0
1781236313,56.0,2400000,0x0
1781236314,54.9,2400000,0x0
1781236315,54.9,2400000,0x0
1781236316,55.4,2400000,0x0
1781236317,54.9,2400000,0x0
1781236318,56.5,2400000,0x0
1781236319,53.8,2400000,0x0
1781236320,56.0,2400000,0x0
1781236321,55.4,2400000,0x0
1781236322,54.9,2400000,0x0
1781236323,55.4,2400000,0x0
1781236324,56.5,2400000,0x0
1781236325,55.4,2400000,0x0
1781236326,55.4,2400000,0x0
1781236327,56.5,2400000,0x0
1781236328,54.9,2400000,0x0
1781236329,55.4,2400000,0x0
1781236330,54.9,2400000,0x0
1781236331,57.6,2400000,0x0
1781236332,54.3,2400000,0x0
1781236333,54.9,2400000,0x0
1781236334,56.5,2400000,0x0
1781236335,54.9,2400000,0x0
1781236337,56.5,2400000,0x0
1781236338,56.0,2400000,0x0
1781236339,56.0,2400000,0x0
1781236340,54.9,2400000,0x0
1781236341,55.4,2400000,0x0
1781236342,54.9,2400000,0x0
1781236343,56.0,2400000,0x0
1781236344,56.0,2400000,0x0
1781236345,54.9,2400000,0x0
1781236346,54.9,2400000,0x0
1781236347,56.0,2400000,0x0
1781236348,56.5,2400000,0x0
1781236349,56.0,2400000,0x0
1781236350,54.9,2400000,0x0
1781236351,55.4,2400000,0x0
1781236352,55.4,2400000,0x0
1781236353,56.5,2400000,0x0
1781236354,56.5,2400000,0x0
1781236355,54.9,2400000,0x0
1781236356,54.9,2400000,0x0
1781236357,56.0,2400000,0x0
1781236358,54.9,2400000,0x0
1781236359,55.4,2400000,0x0
1781236360,56.5,2400000,0x0
