testbed,host,pcap,mode,n_iter,n_replicates,ns_per_pkt_mean,ns_per_pkt_median,ns_per_pkt_p95,ns_per_pkt_ci95_lo,ns_per_pkt_ci95_hi,mpps_median,parity_ok,parity_disagreements,build_hash,kernel,nic_driver,nic_firmware
hp2-hp5-x710,hp2,https-web.pcap,c-flowdis-usp,100,1,116,116,116,—,—,8,,,/nix/store/9vgp0qk9zl0adiyx9z5xwahssw83ls8r-xdp2-rs-0.1.0/bin/xdp2-bench,7.0.1,,
hp2-hp5-x710,hp2,https-web.pcap,c-xdp2-usp,100,1,134,134,134,—,—,7,,,/nix/store/9vgp0qk9zl0adiyx9z5xwahssw83ls8r-xdp2-rs-0.1.0/bin/xdp2-bench,7.0.1,,
hp2-hp5-x710,hp2,https-web.pcap,c-xdp2-parse-only,100,1,132,132,132,—,—,7,,,/nix/store/9vgp0qk9zl0adiyx9z5xwahssw83ls8r-xdp2-rs-0.1.0/bin/xdp2-bench,7.0.1,,
hp2-hp5-x710,hp2,https-web.pcap,c-xdp2-mono,100,1,72,72,72,—,—,13,,,/nix/store/9vgp0qk9zl0adiyx9z5xwahssw83ls8r-xdp2-rs-0.1.0/bin/xdp2-bench,7.0.1,,
hp2-hp5-x710,hp2,https-web.pcap,c-bpf-flowdis,100,1,119,119,119,—,—,8,,,/nix/store/9vgp0qk9zl0adiyx9z5xwahssw83ls8r-xdp2-rs-0.1.0/bin/xdp2-bench,7.0.1,,
hp2-hp5-x710,hp2,https-web.pcap,c-bpf-xdp2,100,0,—,—,—,—,—,—,,,/nix/store/9vgp0qk9zl0adiyx9z5xwahssw83ls8r-xdp2-rs-0.1.0/bin/xdp2-bench,7.0.1,,
hp2-hp5-x710,hp2,https-web.pcap,c-bpf-fast,100,1,23,23,23,—,—,43,,,/nix/store/9vgp0qk9zl0adiyx9z5xwahssw83ls8r-xdp2-rs-0.1.0/bin/xdp2-bench,7.0.1,,
hp2-hp5-x710,hp2,https-web.pcap,rust-graph,100,1,266,266,266,—,—,4,,,/nix/store/9vgp0qk9zl0adiyx9z5xwahssw83ls8r-xdp2-rs-0.1.0/bin/xdp2-bench,7.0.1,,
hp2-hp5-x710,hp2,https-web.pcap,rust-graph-enum,100,1,103,103,103,—,—,10,,,/nix/store/9vgp0qk9zl0adiyx9z5xwahssw83ls8r-xdp2-rs-0.1.0/bin/xdp2-bench,7.0.1,,
hp2-hp5-x710,hp2,https-web.pcap,rust-mono,100,1,71,71,71,—,—,14,,,/nix/store/9vgp0qk9zl0adiyx9z5xwahssw83ls8r-xdp2-rs-0.1.0/bin/xdp2-bench,7.0.1,,
hp2-hp5-x710,hp2,https-web.pcap,rust-mono-x4,100,1,83,83,83,—,—,12,,,/nix/store/9vgp0qk9zl0adiyx9z5xwahssw83ls8r-xdp2-rs-0.1.0/bin/xdp2-bench,7.0.1,,
hp2-hp5-x710,hp2,https-web.pcap,rust-compiled,100,1,72,72,72,—,—,14,,,/nix/store/9vgp0qk9zl0adiyx9z5xwahssw83ls8r-xdp2-rs-0.1.0/bin/xdp2-bench,7.0.1,,
hp2-hp5-x710,hp2,https-web.pcap,rust-simd,100,1,39,39,39,—,—,25,,,/nix/store/9vgp0qk9zl0adiyx9z5xwahssw83ls8r-xdp2-rs-0.1.0/bin/xdp2-bench,7.0.1,,
hp2-hp5-x710,hp2,https-web.pcap,rust-template,100,1,67,67,67,—,—,15,,,/nix/store/9vgp0qk9zl0adiyx9z5xwahssw83ls8r-xdp2-rs-0.1.0/bin/xdp2-bench,7.0.1,,
hp2-hp5-x710,hp2,https-web.pcap,rust-template-simd,100,1,72,72,72,—,—,14,,,/nix/store/9vgp0qk9zl0adiyx9z5xwahssw83ls8r-xdp2-rs-0.1.0/bin/xdp2-bench,7.0.1,,
hp2-hp5-x710,hp2,k8s-microservices.pcap,c-flowdis-usp,100,1,113,113,113,—,—,8,,,/nix/store/9vgp0qk9zl0adiyx9z5xwahssw83ls8r-xdp2-rs-0.1.0/bin/xdp2-bench,7.0.1,,
hp2-hp5-x710,hp2,k8s-microservices.pcap,c-xdp2-usp,100,1,157,157,157,—,—,6,,,/nix/store/9vgp0qk9zl0adiyx9z5xwahssw83ls8r-xdp2-rs-0.1.0/bin/xdp2-bench,7.0.1,,
hp2-hp5-x710,hp2,k8s-microservices.pcap,c-xdp2-parse-only,100,1,155,155,155,—,—,6,,,/nix/store/9vgp0qk9zl0adiyx9z5xwahssw83ls8r-xdp2-rs-0.1.0/bin/xdp2-bench,7.0.1,,
hp2-hp5-x710,hp2,k8s-microservices.pcap,c-xdp2-mono,100,1,134,134,134,—,—,7,,,/nix/store/9vgp0qk9zl0adiyx9z5xwahssw83ls8r-xdp2-rs-0.1.0/bin/xdp2-bench,7.0.1,,
hp2-hp5-x710,hp2,k8s-microservices.pcap,c-bpf-flowdis,100,1,120,120,120,—,—,8,,,/nix/store/9vgp0qk9zl0adiyx9z5xwahssw83ls8r-xdp2-rs-0.1.0/bin/xdp2-bench,7.0.1,,
hp2-hp5-x710,hp2,k8s-microservices.pcap,c-bpf-xdp2,100,0,—,—,—,—,—,—,,,/nix/store/9vgp0qk9zl0adiyx9z5xwahssw83ls8r-xdp2-rs-0.1.0/bin/xdp2-bench,7.0.1,,
hp2-hp5-x710,hp2,k8s-microservices.pcap,c-bpf-fast,100,1,22,22,22,—,—,45,,,/nix/store/9vgp0qk9zl0adiyx9z5xwahssw83ls8r-xdp2-rs-0.1.0/bin/xdp2-bench,7.0.1,,
hp2-hp5-x710,hp2,k8s-microservices.pcap,rust-graph,100,1,365,365,365,—,—,3,,,/nix/store/9vgp0qk9zl0adiyx9z5xwahssw83ls8r-xdp2-rs-0.1.0/bin/xdp2-bench,7.0.1,,
hp2-hp5-x710,hp2,k8s-microservices.pcap,rust-graph-enum,100,1,105,105,105,—,—,9,,,/nix/store/9vgp0qk9zl0adiyx9z5xwahssw83ls8r-xdp2-rs-0.1.0/bin/xdp2-bench,7.0.1,,
hp2-hp5-x710,hp2,k8s-microservices.pcap,rust-mono,100,1,84,84,84,—,—,12,,,/nix/store/9vgp0qk9zl0adiyx9z5xwahssw83ls8r-xdp2-rs-0.1.0/bin/xdp2-bench,7.0.1,,
hp2-hp5-x710,hp2,k8s-microservices.pcap,rust-mono-x4,100,1,92,92,92,—,—,11,,,/nix/store/9vgp0qk9zl0adiyx9z5xwahssw83ls8r-xdp2-rs-0.1.0/bin/xdp2-bench,7.0.1,,
hp2-hp5-x710,hp2,k8s-microservices.pcap,rust-compiled,100,1,81,81,81,—,—,12,,,/nix/store/9vgp0qk9zl0adiyx9z5xwahssw83ls8r-xdp2-rs-0.1.0/bin/xdp2-bench,7.0.1,,
hp2-hp5-x710,hp2,k8s-microservices.pcap,rust-simd,100,1,40,40,40,—,—,25,,,/nix/store/9vgp0qk9zl0adiyx9z5xwahssw83ls8r-xdp2-rs-0.1.0/bin/xdp2-bench,7.0.1,,
hp2-hp5-x710,hp2,k8s-microservices.pcap,rust-template,100,1,69,69,69,—,—,14,,,/nix/store/9vgp0qk9zl0adiyx9z5xwahssw83ls8r-xdp2-rs-0.1.0/bin/xdp2-bench,7.0.1,,
hp2-hp5-x710,hp2,k8s-microservices.pcap,rust-template-simd,100,1,73,73,73,—,—,14,,,/nix/store/9vgp0qk9zl0adiyx9z5xwahssw83ls8r-xdp2-rs-0.1.0/bin/xdp2-bench,7.0.1,,
hp2-hp5-x710,hp2,nfs-server.pcap,c-flowdis-usp,100,1,113,113,113,—,—,8,,,/nix/store/9vgp0qk9zl0adiyx9z5xwahssw83ls8r-xdp2-rs-0.1.0/bin/xdp2-bench,7.0.1,,
hp2-hp5-x710,hp2,nfs-server.pcap,c-xdp2-usp,100,1,124,124,124,—,—,8,,,/nix/store/9vgp0qk9zl0adiyx9z5xwahssw83ls8r-xdp2-rs-0.1.0/bin/xdp2-bench,7.0.1,,
hp2-hp5-x710,hp2,nfs-server.pcap,c-xdp2-parse-only,100,1,124,124,124,—,—,8,,,/nix/store/9vgp0qk9zl0adiyx9z5xwahssw83ls8r-xdp2-rs-0.1.0/bin/xdp2-bench,7.0.1,,
hp2-hp5-x710,hp2,nfs-server.pcap,c-xdp2-mono,100,1,68,68,68,—,—,14,,,/nix/store/9vgp0qk9zl0adiyx9z5xwahssw83ls8r-xdp2-rs-0.1.0/bin/xdp2-bench,7.0.1,,
hp2-hp5-x710,hp2,nfs-server.pcap,c-bpf-flowdis,100,1,120,120,120,—,—,8,,,/nix/store/9vgp0qk9zl0adiyx9z5xwahssw83ls8r-xdp2-rs-0.1.0/bin/xdp2-bench,7.0.1,,
hp2-hp5-x710,hp2,nfs-server.pcap,c-bpf-xdp2,100,0,—,—,—,—,—,—,,,/nix/store/9vgp0qk9zl0adiyx9z5xwahssw83ls8r-xdp2-rs-0.1.0/bin/xdp2-bench,7.0.1,,
hp2-hp5-x710,hp2,nfs-server.pcap,c-bpf-fast,100,1,22,22,22,—,—,45,,,/nix/store/9vgp0qk9zl0adiyx9z5xwahssw83ls8r-xdp2-rs-0.1.0/bin/xdp2-bench,7.0.1,,
hp2-hp5-x710,hp2,nfs-server.pcap,rust-graph,100,1,259,259,259,—,—,4,,,/nix/store/9vgp0qk9zl0adiyx9z5xwahssw83ls8r-xdp2-rs-0.1.0/bin/xdp2-bench,7.0.1,,
hp2-hp5-x710,hp2,nfs-server.pcap,rust-graph-enum,100,1,106,106,106,—,—,9,,,/nix/store/9vgp0qk9zl0adiyx9z5xwahssw83ls8r-xdp2-rs-0.1.0/bin/xdp2-bench,7.0.1,,
hp2-hp5-x710,hp2,nfs-server.pcap,rust-mono,100,1,69,69,69,—,—,14,,,/nix/store/9vgp0qk9zl0adiyx9z5xwahssw83ls8r-xdp2-rs-0.1.0/bin/xdp2-bench,7.0.1,,
hp2-hp5-x710,hp2,nfs-server.pcap,rust-mono-x4,100,1,81,81,81,—,—,12,,,/nix/store/9vgp0qk9zl0adiyx9z5xwahssw83ls8r-xdp2-rs-0.1.0/bin/xdp2-bench,7.0.1,,
hp2-hp5-x710,hp2,nfs-server.pcap,rust-compiled,100,1,71,71,71,—,—,14,,,/nix/store/9vgp0qk9zl0adiyx9z5xwahssw83ls8r-xdp2-rs-0.1.0/bin/xdp2-bench,7.0.1,,
hp2-hp5-x710,hp2,nfs-server.pcap,rust-simd,100,1,35,35,35,—,—,28,,,/nix/store/9vgp0qk9zl0adiyx9z5xwahssw83ls8r-xdp2-rs-0.1.0/bin/xdp2-bench,7.0.1,,
hp2-hp5-x710,hp2,nfs-server.pcap,rust-template,100,1,66,66,66,—,—,15,,,/nix/store/9vgp0qk9zl0adiyx9z5xwahssw83ls8r-xdp2-rs-0.1.0/bin/xdp2-bench,7.0.1,,
hp2-hp5-x710,hp2,nfs-server.pcap,rust-template-simd,100,1,74,74,74,—,—,13,,,/nix/store/9vgp0qk9zl0adiyx9z5xwahssw83ls8r-xdp2-rs-0.1.0/bin/xdp2-bench,7.0.1,,
hp2-hp5-x710,hp2,pppoe-isp.pcap,c-flowdis-usp,100,1,128,128,128,—,—,7,,,/nix/store/9vgp0qk9zl0adiyx9z5xwahssw83ls8r-xdp2-rs-0.1.0/bin/xdp2-bench,7.0.1,,
hp2-hp5-x710,hp2,pppoe-isp.pcap,c-xdp2-usp,100,1,139,139,139,—,—,7,,,/nix/store/9vgp0qk9zl0adiyx9z5xwahssw83ls8r-xdp2-rs-0.1.0/bin/xdp2-bench,7.0.1,,
hp2-hp5-x710,hp2,pppoe-isp.pcap,c-xdp2-parse-only,100,1,139,139,139,—,—,7,,,/nix/store/9vgp0qk9zl0adiyx9z5xwahssw83ls8r-xdp2-rs-0.1.0/bin/xdp2-bench,7.0.1,,
hp2-hp5-x710,hp2,pppoe-isp.pcap,c-xdp2-mono,100,1,76,76,76,—,—,13,,,/nix/store/9vgp0qk9zl0adiyx9z5xwahssw83ls8r-xdp2-rs-0.1.0/bin/xdp2-bench,7.0.1,,
hp2-hp5-x710,hp2,pppoe-isp.pcap,c-bpf-flowdis,100,1,67,67,67,—,—,14,,,/nix/store/9vgp0qk9zl0adiyx9z5xwahssw83ls8r-xdp2-rs-0.1.0/bin/xdp2-bench,7.0.1,,
hp2-hp5-x710,hp2,pppoe-isp.pcap,c-bpf-xdp2,100,0,—,—,—,—,—,—,,,/nix/store/9vgp0qk9zl0adiyx9z5xwahssw83ls8r-xdp2-rs-0.1.0/bin/xdp2-bench,7.0.1,,
hp2-hp5-x710,hp2,pppoe-isp.pcap,c-bpf-fast,100,1,17,17,17,—,—,58,,,/nix/store/9vgp0qk9zl0adiyx9z5xwahssw83ls8r-xdp2-rs-0.1.0/bin/xdp2-bench,7.0.1,,
hp2-hp5-x710,hp2,pppoe-isp.pcap,rust-graph,100,1,320,320,320,—,—,3,,,/nix/store/9vgp0qk9zl0adiyx9z5xwahssw83ls8r-xdp2-rs-0.1.0/bin/xdp2-bench,7.0.1,,
hp2-hp5-x710,hp2,pppoe-isp.pcap,rust-graph-enum,100,1,26,26,26,—,—,37,,,/nix/store/9vgp0qk9zl0adiyx9z5xwahssw83ls8r-xdp2-rs-0.1.0/bin/xdp2-bench,7.0.1,,
hp2-hp5-x710,hp2,pppoe-isp.pcap,rust-mono,100,1,80,80,80,—,—,12,,,/nix/store/9vgp0qk9zl0adiyx9z5xwahssw83ls8r-xdp2-rs-0.1.0/bin/xdp2-bench,7.0.1,,
hp2-hp5-x710,hp2,pppoe-isp.pcap,rust-mono-x4,100,1,89,89,89,—,—,11,,,/nix/store/9vgp0qk9zl0adiyx9z5xwahssw83ls8r-xdp2-rs-0.1.0/bin/xdp2-bench,7.0.1,,
hp2-hp5-x710,hp2,pppoe-isp.pcap,rust-compiled,100,1,78,78,78,—,—,13,,,/nix/store/9vgp0qk9zl0adiyx9z5xwahssw83ls8r-xdp2-rs-0.1.0/bin/xdp2-bench,7.0.1,,
hp2-hp5-x710,hp2,pppoe-isp.pcap,rust-simd,100,1,45,45,45,—,—,22,,,/nix/store/9vgp0qk9zl0adiyx9z5xwahssw83ls8r-xdp2-rs-0.1.0/bin/xdp2-bench,7.0.1,,
hp2-hp5-x710,hp2,pppoe-isp.pcap,rust-template,100,1,81,81,81,—,—,12,,,/nix/store/9vgp0qk9zl0adiyx9z5xwahssw83ls8r-xdp2-rs-0.1.0/bin/xdp2-bench,7.0.1,,
hp2-hp5-x710,hp2,pppoe-isp.pcap,rust-template-simd,100,1,78,78,78,—,—,13,,,/nix/store/9vgp0qk9zl0adiyx9z5xwahssw83ls8r-xdp2-rs-0.1.0/bin/xdp2-bench,7.0.1,,
hp2-hp5-x710,hp2,vlan-tcp-mix.pcap,c-flowdis-usp,100,1,128,128,128,—,—,7,,,/nix/store/9vgp0qk9zl0adiyx9z5xwahssw83ls8r-xdp2-rs-0.1.0/bin/xdp2-bench,7.0.1,,
hp2-hp5-x710,hp2,vlan-tcp-mix.pcap,c-xdp2-usp,100,1,133,133,133,—,—,7,,,/nix/store/9vgp0qk9zl0adiyx9z5xwahssw83ls8r-xdp2-rs-0.1.0/bin/xdp2-bench,7.0.1,,
hp2-hp5-x710,hp2,vlan-tcp-mix.pcap,c-xdp2-parse-only,100,1,133,133,133,—,—,7,,,/nix/store/9vgp0qk9zl0adiyx9z5xwahssw83ls8r-xdp2-rs-0.1.0/bin/xdp2-bench,7.0.1,,
hp2-hp5-x710,hp2,vlan-tcp-mix.pcap,c-xdp2-mono,100,1,70,70,70,—,—,14,,,/nix/store/9vgp0qk9zl0adiyx9z5xwahssw83ls8r-xdp2-rs-0.1.0/bin/xdp2-bench,7.0.1,,
hp2-hp5-x710,hp2,vlan-tcp-mix.pcap,c-bpf-flowdis,100,1,119,119,119,—,—,8,,,/nix/store/9vgp0qk9zl0adiyx9z5xwahssw83ls8r-xdp2-rs-0.1.0/bin/xdp2-bench,7.0.1,,
hp2-hp5-x710,hp2,vlan-tcp-mix.pcap,c-bpf-xdp2,100,0,—,—,—,—,—,—,,,/nix/store/9vgp0qk9zl0adiyx9z5xwahssw83ls8r-xdp2-rs-0.1.0/bin/xdp2-bench,7.0.1,,
hp2-hp5-x710,hp2,vlan-tcp-mix.pcap,c-bpf-fast,100,1,23,23,23,—,—,43,,,/nix/store/9vgp0qk9zl0adiyx9z5xwahssw83ls8r-xdp2-rs-0.1.0/bin/xdp2-bench,7.0.1,,
hp2-hp5-x710,hp2,vlan-tcp-mix.pcap,rust-graph,100,1,311,311,311,—,—,3,,,/nix/store/9vgp0qk9zl0adiyx9z5xwahssw83ls8r-xdp2-rs-0.1.0/bin/xdp2-bench,7.0.1,,
hp2-hp5-x710,hp2,vlan-tcp-mix.pcap,rust-graph-enum,100,1,28,28,28,—,—,36,,,/nix/store/9vgp0qk9zl0adiyx9z5xwahssw83ls8r-xdp2-rs-0.1.0/bin/xdp2-bench,7.0.1,,
hp2-hp5-x710,hp2,vlan-tcp-mix.pcap,rust-mono,100,1,86,86,86,—,—,12,,,/nix/store/9vgp0qk9zl0adiyx9z5xwahssw83ls8r-xdp2-rs-0.1.0/bin/xdp2-bench,7.0.1,,
hp2-hp5-x710,hp2,vlan-tcp-mix.pcap,rust-mono-x4,100,1,98,98,98,—,—,10,,,/nix/store/9vgp0qk9zl0adiyx9z5xwahssw83ls8r-xdp2-rs-0.1.0/bin/xdp2-bench,7.0.1,,
hp2-hp5-x710,hp2,vlan-tcp-mix.pcap,rust-compiled,100,1,87,87,87,—,—,11,,,/nix/store/9vgp0qk9zl0adiyx9z5xwahssw83ls8r-xdp2-rs-0.1.0/bin/xdp2-bench,7.0.1,,
hp2-hp5-x710,hp2,vlan-tcp-mix.pcap,rust-simd,100,1,51,51,51,—,—,19,,,/nix/store/9vgp0qk9zl0adiyx9z5xwahssw83ls8r-xdp2-rs-0.1.0/bin/xdp2-bench,7.0.1,,
hp2-hp5-x710,hp2,vlan-tcp-mix.pcap,rust-template,100,1,81,81,81,—,—,12,,,/nix/store/9vgp0qk9zl0adiyx9z5xwahssw83ls8r-xdp2-rs-0.1.0/bin/xdp2-bench,7.0.1,,
hp2-hp5-x710,hp2,vlan-tcp-mix.pcap,rust-template-simd,100,1,80,80,80,—,—,12,,,/nix/store/9vgp0qk9zl0adiyx9z5xwahssw83ls8r-xdp2-rs-0.1.0/bin/xdp2-bench,7.0.1,,
hp2-hp5-x710,hp2,vxlan-k8s-pure.pcap,c-flowdis-usp,100,1,116,116,116,—,—,8,,,/nix/store/9vgp0qk9zl0adiyx9z5xwahssw83ls8r-xdp2-rs-0.1.0/bin/xdp2-bench,7.0.1,,
hp2-hp5-x710,hp2,vxlan-k8s-pure.pcap,c-xdp2-usp,100,1,165,165,165,—,—,6,,,/nix/store/9vgp0qk9zl0adiyx9z5xwahssw83ls8r-xdp2-rs-0.1.0/bin/xdp2-bench,7.0.1,,
hp2-hp5-x710,hp2,vxlan-k8s-pure.pcap,c-xdp2-parse-only,100,1,163,163,163,—,—,6,,,/nix/store/9vgp0qk9zl0adiyx9z5xwahssw83ls8r-xdp2-rs-0.1.0/bin/xdp2-bench,7.0.1,,
hp2-hp5-x710,hp2,vxlan-k8s-pure.pcap,c-xdp2-mono,100,1,145,145,145,—,—,6,,,/nix/store/9vgp0qk9zl0adiyx9z5xwahssw83ls8r-xdp2-rs-0.1.0/bin/xdp2-bench,7.0.1,,
hp2-hp5-x710,hp2,vxlan-k8s-pure.pcap,c-bpf-flowdis,100,1,114,114,114,—,—,8,,,/nix/store/9vgp0qk9zl0adiyx9z5xwahssw83ls8r-xdp2-rs-0.1.0/bin/xdp2-bench,7.0.1,,
hp2-hp5-x710,hp2,vxlan-k8s-pure.pcap,c-bpf-xdp2,100,0,—,—,—,—,—,—,,,/nix/store/9vgp0qk9zl0adiyx9z5xwahssw83ls8r-xdp2-rs-0.1.0/bin/xdp2-bench,7.0.1,,
hp2-hp5-x710,hp2,vxlan-k8s-pure.pcap,c-bpf-fast,100,1,24,24,24,—,—,41,,,/nix/store/9vgp0qk9zl0adiyx9z5xwahssw83ls8r-xdp2-rs-0.1.0/bin/xdp2-bench,7.0.1,,
hp2-hp5-x710,hp2,vxlan-k8s-pure.pcap,rust-graph,100,1,458,458,458,—,—,2,,,/nix/store/9vgp0qk9zl0adiyx9z5xwahssw83ls8r-xdp2-rs-0.1.0/bin/xdp2-bench,7.0.1,,
hp2-hp5-x710,hp2,vxlan-k8s-pure.pcap,rust-graph-enum,100,1,114,114,114,—,—,9,,,/nix/store/9vgp0qk9zl0adiyx9z5xwahssw83ls8r-xdp2-rs-0.1.0/bin/xdp2-bench,7.0.1,,
hp2-hp5-x710,hp2,vxlan-k8s-pure.pcap,rust-mono,100,1,92,92,92,—,—,11,,,/nix/store/9vgp0qk9zl0adiyx9z5xwahssw83ls8r-xdp2-rs-0.1.0/bin/xdp2-bench,7.0.1,,
hp2-hp5-x710,hp2,vxlan-k8s-pure.pcap,rust-mono-x4,100,1,97,97,97,—,—,10,,,/nix/store/9vgp0qk9zl0adiyx9z5xwahssw83ls8r-xdp2-rs-0.1.0/bin/xdp2-bench,7.0.1,,
hp2-hp5-x710,hp2,vxlan-k8s-pure.pcap,rust-compiled,100,1,88,88,88,—,—,11,,,/nix/store/9vgp0qk9zl0adiyx9z5xwahssw83ls8r-xdp2-rs-0.1.0/bin/xdp2-bench,7.0.1,,
hp2-hp5-x710,hp2,vxlan-k8s-pure.pcap,rust-simd,100,1,34,34,34,—,—,29,,,/nix/store/9vgp0qk9zl0adiyx9z5xwahssw83ls8r-xdp2-rs-0.1.0/bin/xdp2-bench,7.0.1,,
hp2-hp5-x710,hp2,vxlan-k8s-pure.pcap,rust-template,100,1,72,72,72,—,—,14,,,/nix/store/9vgp0qk9zl0adiyx9z5xwahssw83ls8r-xdp2-rs-0.1.0/bin/xdp2-bench,7.0.1,,
hp2-hp5-x710,hp2,vxlan-k8s-pure.pcap,rust-template-simd,100,1,77,77,77,—,—,13,,,/nix/store/9vgp0qk9zl0adiyx9z5xwahssw83ls8r-xdp2-rs-0.1.0/bin/xdp2-bench,7.0.1,,
hp2-hp5-x710,hp5,https-web.pcap,c-flowdis-usp,100,1,117,117,117,—,—,8,,,/nix/store/9vgp0qk9zl0adiyx9z5xwahssw83ls8r-xdp2-rs-0.1.0/bin/xdp2-bench,7.0.1,,
hp2-hp5-x710,hp5,https-web.pcap,c-xdp2-usp,100,1,133,133,133,—,—,7,,,/nix/store/9vgp0qk9zl0adiyx9z5xwahssw83ls8r-xdp2-rs-0.1.0/bin/xdp2-bench,7.0.1,,
hp2-hp5-x710,hp5,https-web.pcap,c-xdp2-parse-only,100,1,131,131,131,—,—,7,,,/nix/store/9vgp0qk9zl0adiyx9z5xwahssw83ls8r-xdp2-rs-0.1.0/bin/xdp2-bench,7.0.1,,
hp2-hp5-x710,hp5,https-web.pcap,c-xdp2-mono,100,1,73,73,73,—,—,13,,,/nix/store/9vgp0qk9zl0adiyx9z5xwahssw83ls8r-xdp2-rs-0.1.0/bin/xdp2-bench,7.0.1,,
hp2-hp5-x710,hp5,https-web.pcap,c-bpf-flowdis,100,1,114,114,114,—,—,8,,,/nix/store/9vgp0qk9zl0adiyx9z5xwahssw83ls8r-xdp2-rs-0.1.0/bin/xdp2-bench,7.0.1,,
hp2-hp5-x710,hp5,https-web.pcap,c-bpf-xdp2,100,0,—,—,—,—,—,—,,,/nix/store/9vgp0qk9zl0adiyx9z5xwahssw83ls8r-xdp2-rs-0.1.0/bin/xdp2-bench,7.0.1,,
hp2-hp5-x710,hp5,https-web.pcap,c-bpf-fast,100,1,23,23,23,—,—,43,,,/nix/store/9vgp0qk9zl0adiyx9z5xwahssw83ls8r-xdp2-rs-0.1.0/bin/xdp2-bench,7.0.1,,
hp2-hp5-x710,hp5,https-web.pcap,rust-graph,100,1,263,263,263,—,—,4,,,/nix/store/9vgp0qk9zl0adiyx9z5xwahssw83ls8r-xdp2-rs-0.1.0/bin/xdp2-bench,7.0.1,,
hp2-hp5-x710,hp5,https-web.pcap,rust-graph-enum,100,1,105,105,105,—,—,9,,,/nix/store/9vgp0qk9zl0adiyx9z5xwahssw83ls8r-xdp2-rs-0.1.0/bin/xdp2-bench,7.0.1,,
hp2-hp5-x710,hp5,https-web.pcap,rust-mono,100,1,72,72,72,—,—,14,,,/nix/store/9vgp0qk9zl0adiyx9z5xwahssw83ls8r-xdp2-rs-0.1.0/bin/xdp2-bench,7.0.1,,
hp2-hp5-x710,hp5,https-web.pcap,rust-mono-x4,100,1,82,82,82,—,—,12,,,/nix/store/9vgp0qk9zl0adiyx9z5xwahssw83ls8r-xdp2-rs-0.1.0/bin/xdp2-bench,7.0.1,,
hp2-hp5-x710,hp5,https-web.pcap,rust-compiled,100,1,72,72,72,—,—,14,,,/nix/store/9vgp0qk9zl0adiyx9z5xwahssw83ls8r-xdp2-rs-0.1.0/bin/xdp2-bench,7.0.1,,
hp2-hp5-x710,hp5,https-web.pcap,rust-simd,100,1,41,41,41,—,—,24,,,/nix/store/9vgp0qk9zl0adiyx9z5xwahssw83ls8r-xdp2-rs-0.1.0/bin/xdp2-bench,7.0.1,,
hp2-hp5-x710,hp5,https-web.pcap,rust-template,100,1,69,69,69,—,—,14,,,/nix/store/9vgp0qk9zl0adiyx9z5xwahssw83ls8r-xdp2-rs-0.1.0/bin/xdp2-bench,7.0.1,,
hp2-hp5-x710,hp5,https-web.pcap,rust-template-simd,100,1,75,75,75,—,—,13,,,/nix/store/9vgp0qk9zl0adiyx9z5xwahssw83ls8r-xdp2-rs-0.1.0/bin/xdp2-bench,7.0.1,,
hp2-hp5-x710,hp5,k8s-microservices.pcap,c-flowdis-usp,100,1,116,116,116,—,—,8,,,/nix/store/9vgp0qk9zl0adiyx9z5xwahssw83ls8r-xdp2-rs-0.1.0/bin/xdp2-bench,7.0.1,,
hp2-hp5-x710,hp5,k8s-microservices.pcap,c-xdp2-usp,100,1,160,160,160,—,—,6,,,/nix/store/9vgp0qk9zl0adiyx9z5xwahssw83ls8r-xdp2-rs-0.1.0/bin/xdp2-bench,7.0.1,,
hp2-hp5-x710,hp5,k8s-microservices.pcap,c-xdp2-parse-only,100,1,159,159,159,—,—,6,,,/nix/store/9vgp0qk9zl0adiyx9z5xwahssw83ls8r-xdp2-rs-0.1.0/bin/xdp2-bench,7.0.1,,
hp2-hp5-x710,hp5,k8s-microservices.pcap,c-xdp2-mono,100,1,137,137,137,—,—,7,,,/nix/store/9vgp0qk9zl0adiyx9z5xwahssw83ls8r-xdp2-rs-0.1.0/bin/xdp2-bench,7.0.1,,
hp2-hp5-x710,hp5,k8s-microservices.pcap,c-bpf-flowdis,100,1,121,121,121,—,—,8,,,/nix/store/9vgp0qk9zl0adiyx9z5xwahssw83ls8r-xdp2-rs-0.1.0/bin/xdp2-bench,7.0.1,,
hp2-hp5-x710,hp5,k8s-microservices.pcap,c-bpf-xdp2,100,0,—,—,—,—,—,—,,,/nix/store/9vgp0qk9zl0adiyx9z5xwahssw83ls8r-xdp2-rs-0.1.0/bin/xdp2-bench,7.0.1,,
hp2-hp5-x710,hp5,k8s-microservices.pcap,c-bpf-fast,100,1,23,23,23,—,—,43,,,/nix/store/9vgp0qk9zl0adiyx9z5xwahssw83ls8r-xdp2-rs-0.1.0/bin/xdp2-bench,7.0.1,,
hp2-hp5-x710,hp5,k8s-microservices.pcap,rust-graph,100,1,375,375,375,—,—,3,,,/nix/store/9vgp0qk9zl0adiyx9z5xwahssw83ls8r-xdp2-rs-0.1.0/bin/xdp2-bench,7.0.1,,
hp2-hp5-x710,hp5,k8s-microservices.pcap,rust-graph-enum,100,1,108,108,108,—,—,9,,,/nix/store/9vgp0qk9zl0adiyx9z5xwahssw83ls8r-xdp2-rs-0.1.0/bin/xdp2-bench,7.0.1,,
hp2-hp5-x710,hp5,k8s-microservices.pcap,rust-mono,100,1,85,85,85,—,—,12,,,/nix/store/9vgp0qk9zl0adiyx9z5xwahssw83ls8r-xdp2-rs-0.1.0/bin/xdp2-bench,7.0.1,,
hp2-hp5-x710,hp5,k8s-microservices.pcap,rust-mono-x4,100,1,92,92,92,—,—,11,,,/nix/store/9vgp0qk9zl0adiyx9z5xwahssw83ls8r-xdp2-rs-0.1.0/bin/xdp2-bench,7.0.1,,
hp2-hp5-x710,hp5,k8s-microservices.pcap,rust-compiled,100,1,83,83,83,—,—,12,,,/nix/store/9vgp0qk9zl0adiyx9z5xwahssw83ls8r-xdp2-rs-0.1.0/bin/xdp2-bench,7.0.1,,
hp2-hp5-x710,hp5,k8s-microservices.pcap,rust-simd,100,1,42,42,42,—,—,24,,,/nix/store/9vgp0qk9zl0adiyx9z5xwahssw83ls8r-xdp2-rs-0.1.0/bin/xdp2-bench,7.0.1,,
hp2-hp5-x710,hp5,k8s-microservices.pcap,rust-template,100,1,71,71,71,—,—,14,,,/nix/store/9vgp0qk9zl0adiyx9z5xwahssw83ls8r-xdp2-rs-0.1.0/bin/xdp2-bench,7.0.1,,
hp2-hp5-x710,hp5,k8s-microservices.pcap,rust-template-simd,100,1,76,76,76,—,—,13,,,/nix/store/9vgp0qk9zl0adiyx9z5xwahssw83ls8r-xdp2-rs-0.1.0/bin/xdp2-bench,7.0.1,,
hp2-hp5-x710,hp5,nfs-server.pcap,c-flowdis-usp,100,1,115,115,115,—,—,8,,,/nix/store/9vgp0qk9zl0adiyx9z5xwahssw83ls8r-xdp2-rs-0.1.0/bin/xdp2-bench,7.0.1,,
hp2-hp5-x710,hp5,nfs-server.pcap,c-xdp2-usp,100,1,127,127,127,—,—,7,,,/nix/store/9vgp0qk9zl0adiyx9z5xwahssw83ls8r-xdp2-rs-0.1.0/bin/xdp2-bench,7.0.1,,
hp2-hp5-x710,hp5,nfs-server.pcap,c-xdp2-parse-only,100,1,126,126,126,—,—,7,,,/nix/store/9vgp0qk9zl0adiyx9z5xwahssw83ls8r-xdp2-rs-0.1.0/bin/xdp2-bench,7.0.1,,
hp2-hp5-x710,hp5,nfs-server.pcap,c-xdp2-mono,100,1,69,69,69,—,—,14,,,/nix/store/9vgp0qk9zl0adiyx9z5xwahssw83ls8r-xdp2-rs-0.1.0/bin/xdp2-bench,7.0.1,,
hp2-hp5-x710,hp5,nfs-server.pcap,c-bpf-flowdis,100,1,115,115,115,—,—,8,,,/nix/store/9vgp0qk9zl0adiyx9z5xwahssw83ls8r-xdp2-rs-0.1.0/bin/xdp2-bench,7.0.1,,
hp2-hp5-x710,hp5,nfs-server.pcap,c-bpf-xdp2,100,0,—,—,—,—,—,—,,,/nix/store/9vgp0qk9zl0adiyx9z5xwahssw83ls8r-xdp2-rs-0.1.0/bin/xdp2-bench,7.0.1,,
hp2-hp5-x710,hp5,nfs-server.pcap,c-bpf-fast,100,1,23,23,23,—,—,43,,,/nix/store/9vgp0qk9zl0adiyx9z5xwahssw83ls8r-xdp2-rs-0.1.0/bin/xdp2-bench,7.0.1,,
hp2-hp5-x710,hp5,nfs-server.pcap,rust-graph,100,1,264,264,264,—,—,4,,,/nix/store/9vgp0qk9zl0adiyx9z5xwahssw83ls8r-xdp2-rs-0.1.0/bin/xdp2-bench,7.0.1,,
hp2-hp5-x710,hp5,nfs-server.pcap,rust-graph-enum,100,1,107,107,107,—,—,9,,,/nix/store/9vgp0qk9zl0adiyx9z5xwahssw83ls8r-xdp2-rs-0.1.0/bin/xdp2-bench,7.0.1,,
hp2-hp5-x710,hp5,nfs-server.pcap,rust-mono,100,1,70,70,70,—,—,14,,,/nix/store/9vgp0qk9zl0adiyx9z5xwahssw83ls8r-xdp2-rs-0.1.0/bin/xdp2-bench,7.0.1,,
hp2-hp5-x710,hp5,nfs-server.pcap,rust-mono-x4,100,1,82,82,82,—,—,12,,,/nix/store/9vgp0qk9zl0adiyx9z5xwahssw83ls8r-xdp2-rs-0.1.0/bin/xdp2-bench,7.0.1,,
hp2-hp5-x710,hp5,nfs-server.pcap,rust-compiled,100,1,71,71,71,—,—,14,,,/nix/store/9vgp0qk9zl0adiyx9z5xwahssw83ls8r-xdp2-rs-0.1.0/bin/xdp2-bench,7.0.1,,
hp2-hp5-x710,hp5,nfs-server.pcap,rust-simd,100,1,38,38,38,—,—,26,,,/nix/store/9vgp0qk9zl0adiyx9z5xwahssw83ls8r-xdp2-rs-0.1.0/bin/xdp2-bench,7.0.1,,
hp2-hp5-x710,hp5,nfs-server.pcap,rust-template,100,1,68,68,68,—,—,15,,,/nix/store/9vgp0qk9zl0adiyx9z5xwahssw83ls8r-xdp2-rs-0.1.0/bin/xdp2-bench,7.0.1,,
hp2-hp5-x710,hp5,nfs-server.pcap,rust-template-simd,100,1,76,76,76,—,—,13,,,/nix/store/9vgp0qk9zl0adiyx9z5xwahssw83ls8r-xdp2-rs-0.1.0/bin/xdp2-bench,7.0.1,,
hp2-hp5-x710,hp5,pppoe-isp.pcap,c-flowdis-usp,100,1,122,122,122,—,—,8,,,/nix/store/9vgp0qk9zl0adiyx9z5xwahssw83ls8r-xdp2-rs-0.1.0/bin/xdp2-bench,7.0.1,,
hp2-hp5-x710,hp5,pppoe-isp.pcap,c-xdp2-usp,100,1,133,133,133,—,—,7,,,/nix/store/9vgp0qk9zl0adiyx9z5xwahssw83ls8r-xdp2-rs-0.1.0/bin/xdp2-bench,7.0.1,,
hp2-hp5-x710,hp5,pppoe-isp.pcap,c-xdp2-parse-only,100,1,130,130,130,—,—,7,,,/nix/store/9vgp0qk9zl0adiyx9z5xwahssw83ls8r-xdp2-rs-0.1.0/bin/xdp2-bench,7.0.1,,
hp2-hp5-x710,hp5,pppoe-isp.pcap,c-xdp2-mono,100,1,72,72,72,—,—,13,,,/nix/store/9vgp0qk9zl0adiyx9z5xwahssw83ls8r-xdp2-rs-0.1.0/bin/xdp2-bench,7.0.1,,
hp2-hp5-x710,hp5,pppoe-isp.pcap,c-bpf-flowdis,100,1,66,66,66,—,—,15,,,/nix/store/9vgp0qk9zl0adiyx9z5xwahssw83ls8r-xdp2-rs-0.1.0/bin/xdp2-bench,7.0.1,,
hp2-hp5-x710,hp5,pppoe-isp.pcap,c-bpf-xdp2,100,0,—,—,—,—,—,—,,,/nix/store/9vgp0qk9zl0adiyx9z5xwahssw83ls8r-xdp2-rs-0.1.0/bin/xdp2-bench,7.0.1,,
hp2-hp5-x710,hp5,pppoe-isp.pcap,c-bpf-fast,100,1,18,18,18,—,—,55,,,/nix/store/9vgp0qk9zl0adiyx9z5xwahssw83ls8r-xdp2-rs-0.1.0/bin/xdp2-bench,7.0.1,,
hp2-hp5-x710,hp5,pppoe-isp.pcap,rust-graph,100,1,329,329,329,—,—,3,,,/nix/store/9vgp0qk9zl0adiyx9z5xwahssw83ls8r-xdp2-rs-0.1.0/bin/xdp2-bench,7.0.1,,
hp2-hp5-x710,hp5,pppoe-isp.pcap,rust-graph-enum,100,1,28,28,28,—,—,35,,,/nix/store/9vgp0qk9zl0adiyx9z5xwahssw83ls8r-xdp2-rs-0.1.0/bin/xdp2-bench,7.0.1,,
hp2-hp5-x710,hp5,pppoe-isp.pcap,rust-mono,100,1,79,79,79,—,—,13,,,/nix/store/9vgp0qk9zl0adiyx9z5xwahssw83ls8r-xdp2-rs-0.1.0/bin/xdp2-bench,7.0.1,,
hp2-hp5-x710,hp5,pppoe-isp.pcap,rust-mono-x4,100,1,91,91,91,—,—,11,,,/nix/store/9vgp0qk9zl0adiyx9z5xwahssw83ls8r-xdp2-rs-0.1.0/bin/xdp2-bench,7.0.1,,
hp2-hp5-x710,hp5,pppoe-isp.pcap,rust-compiled,100,1,79,79,79,—,—,13,,,/nix/store/9vgp0qk9zl0adiyx9z5xwahssw83ls8r-xdp2-rs-0.1.0/bin/xdp2-bench,7.0.1,,
hp2-hp5-x710,hp5,pppoe-isp.pcap,rust-simd,100,1,58,58,58,—,—,17,,,/nix/store/9vgp0qk9zl0adiyx9z5xwahssw83ls8r-xdp2-rs-0.1.0/bin/xdp2-bench,7.0.1,,
hp2-hp5-x710,hp5,pppoe-isp.pcap,rust-template,100,1,82,82,82,—,—,12,,,/nix/store/9vgp0qk9zl0adiyx9z5xwahssw83ls8r-xdp2-rs-0.1.0/bin/xdp2-bench,7.0.1,,
hp2-hp5-x710,hp5,pppoe-isp.pcap,rust-template-simd,100,1,80,80,80,—,—,12,,,/nix/store/9vgp0qk9zl0adiyx9z5xwahssw83ls8r-xdp2-rs-0.1.0/bin/xdp2-bench,7.0.1,,
hp2-hp5-x710,hp5,vlan-tcp-mix.pcap,c-flowdis-usp,100,1,127,127,127,—,—,7,,,/nix/store/9vgp0qk9zl0adiyx9z5xwahssw83ls8r-xdp2-rs-0.1.0/bin/xdp2-bench,7.0.1,,
hp2-hp5-x710,hp5,vlan-tcp-mix.pcap,c-xdp2-usp,100,1,131,131,131,—,—,7,,,/nix/store/9vgp0qk9zl0adiyx9z5xwahssw83ls8r-xdp2-rs-0.1.0/bin/xdp2-bench,7.0.1,,
hp2-hp5-x710,hp5,vlan-tcp-mix.pcap,c-xdp2-parse-only,100,1,129,129,129,—,—,7,,,/nix/store/9vgp0qk9zl0adiyx9z5xwahssw83ls8r-xdp2-rs-0.1.0/bin/xdp2-bench,7.0.1,,
hp2-hp5-x710,hp5,vlan-tcp-mix.pcap,c-xdp2-mono,100,1,70,70,70,—,—,14,,,/nix/store/9vgp0qk9zl0adiyx9z5xwahssw83ls8r-xdp2-rs-0.1.0/bin/xdp2-bench,7.0.1,,
hp2-hp5-x710,hp5,vlan-tcp-mix.pcap,c-bpf-flowdis,100,1,119,119,119,—,—,8,,,/nix/store/9vgp0qk9zl0adiyx9z5xwahssw83ls8r-xdp2-rs-0.1.0/bin/xdp2-bench,7.0.1,,
hp2-hp5-x710,hp5,vlan-tcp-mix.pcap,c-bpf-xdp2,100,0,—,—,—,—,—,—,,,/nix/store/9vgp0qk9zl0adiyx9z5xwahssw83ls8r-xdp2-rs-0.1.0/bin/xdp2-bench,7.0.1,,
hp2-hp5-x710,hp5,vlan-tcp-mix.pcap,c-bpf-fast,100,1,23,23,23,—,—,43,,,/nix/store/9vgp0qk9zl0adiyx9z5xwahssw83ls8r-xdp2-rs-0.1.0/bin/xdp2-bench,7.0.1,,
hp2-hp5-x710,hp5,vlan-tcp-mix.pcap,rust-graph,100,1,317,317,317,—,—,3,,,/nix/store/9vgp0qk9zl0adiyx9z5xwahssw83ls8r-xdp2-rs-0.1.0/bin/xdp2-bench,7.0.1,,
hp2-hp5-x710,hp5,vlan-tcp-mix.pcap,rust-graph-enum,100,1,29,29,29,—,—,34,,,/nix/store/9vgp0qk9zl0adiyx9z5xwahssw83ls8r-xdp2-rs-0.1.0/bin/xdp2-bench,7.0.1,,
hp2-hp5-x710,hp5,vlan-tcp-mix.pcap,rust-mono,100,1,88,88,88,—,—,11,,,/nix/store/9vgp0qk9zl0adiyx9z5xwahssw83ls8r-xdp2-rs-0.1.0/bin/xdp2-bench,7.0.1,,
hp2-hp5-x710,hp5,vlan-tcp-mix.pcap,rust-mono-x4,100,1,98,98,98,—,—,10,,,/nix/store/9vgp0qk9zl0adiyx9z5xwahssw83ls8r-xdp2-rs-0.1.0/bin/xdp2-bench,7.0.1,,
hp2-hp5-x710,hp5,vlan-tcp-mix.pcap,rust-compiled,100,1,88,88,88,—,—,11,,,/nix/store/9vgp0qk9zl0adiyx9z5xwahssw83ls8r-xdp2-rs-0.1.0/bin/xdp2-bench,7.0.1,,
hp2-hp5-x710,hp5,vlan-tcp-mix.pcap,rust-simd,100,1,51,51,51,—,—,20,,,/nix/store/9vgp0qk9zl0adiyx9z5xwahssw83ls8r-xdp2-rs-0.1.0/bin/xdp2-bench,7.0.1,,
hp2-hp5-x710,hp5,vlan-tcp-mix.pcap,rust-template,100,1,78,78,78,—,—,13,,,/nix/store/9vgp0qk9zl0adiyx9z5xwahssw83ls8r-xdp2-rs-0.1.0/bin/xdp2-bench,7.0.1,,
hp2-hp5-x710,hp5,vlan-tcp-mix.pcap,rust-template-simd,100,1,81,81,81,—,—,12,,,/nix/store/9vgp0qk9zl0adiyx9z5xwahssw83ls8r-xdp2-rs-0.1.0/bin/xdp2-bench,7.0.1,,
hp2-hp5-x710,hp5,vxlan-k8s-pure.pcap,c-flowdis-usp,100,1,111,111,111,—,—,9,,,/nix/store/9vgp0qk9zl0adiyx9z5xwahssw83ls8r-xdp2-rs-0.1.0/bin/xdp2-bench,7.0.1,,
hp2-hp5-x710,hp5,vxlan-k8s-pure.pcap,c-xdp2-usp,100,1,160,160,160,—,—,6,,,/nix/store/9vgp0qk9zl0adiyx9z5xwahssw83ls8r-xdp2-rs-0.1.0/bin/xdp2-bench,7.0.1,,
hp2-hp5-x710,hp5,vxlan-k8s-pure.pcap,c-xdp2-parse-only,100,1,158,158,158,—,—,6,,,/nix/store/9vgp0qk9zl0adiyx9z5xwahssw83ls8r-xdp2-rs-0.1.0/bin/xdp2-bench,7.0.1,,
hp2-hp5-x710,hp5,vxlan-k8s-pure.pcap,c-xdp2-mono,100,1,141,141,141,—,—,7,,,/nix/store/9vgp0qk9zl0adiyx9z5xwahssw83ls8r-xdp2-rs-0.1.0/bin/xdp2-bench,7.0.1,,
hp2-hp5-x710,hp5,vxlan-k8s-pure.pcap,c-bpf-flowdis,100,1,115,115,115,—,—,8,,,/nix/store/9vgp0qk9zl0adiyx9z5xwahssw83ls8r-xdp2-rs-0.1.0/bin/xdp2-bench,7.0.1,,
hp2-hp5-x710,hp5,vxlan-k8s-pure.pcap,c-bpf-xdp2,100,0,—,—,—,—,—,—,,,/nix/store/9vgp0qk9zl0adiyx9z5xwahssw83ls8r-xdp2-rs-0.1.0/bin/xdp2-bench,7.0.1,,
hp2-hp5-x710,hp5,vxlan-k8s-pure.pcap,c-bpf-fast,100,1,23,23,23,—,—,43,,,/nix/store/9vgp0qk9zl0adiyx9z5xwahssw83ls8r-xdp2-rs-0.1.0/bin/xdp2-bench,7.0.1,,
hp2-hp5-x710,hp5,vxlan-k8s-pure.pcap,rust-graph,100,1,462,462,462,—,—,2,,,/nix/store/9vgp0qk9zl0adiyx9z5xwahssw83ls8r-xdp2-rs-0.1.0/bin/xdp2-bench,7.0.1,,
hp2-hp5-x710,hp5,vxlan-k8s-pure.pcap,rust-graph-enum,100,1,114,114,114,—,—,9,,,/nix/store/9vgp0qk9zl0adiyx9z5xwahssw83ls8r-xdp2-rs-0.1.0/bin/xdp2-bench,7.0.1,,
hp2-hp5-x710,hp5,vxlan-k8s-pure.pcap,rust-mono,100,1,93,93,93,—,—,11,,,/nix/store/9vgp0qk9zl0adiyx9z5xwahssw83ls8r-xdp2-rs-0.1.0/bin/xdp2-bench,7.0.1,,
hp2-hp5-x710,hp5,vxlan-k8s-pure.pcap,rust-mono-x4,100,1,100,100,100,—,—,10,,,/nix/store/9vgp0qk9zl0adiyx9z5xwahssw83ls8r-xdp2-rs-0.1.0/bin/xdp2-bench,7.0.1,,
hp2-hp5-x710,hp5,vxlan-k8s-pure.pcap,rust-compiled,100,1,93,93,93,—,—,11,,,/nix/store/9vgp0qk9zl0adiyx9z5xwahssw83ls8r-xdp2-rs-0.1.0/bin/xdp2-bench,7.0.1,,
hp2-hp5-x710,hp5,vxlan-k8s-pure.pcap,rust-simd,100,1,35,35,35,—,—,28,,,/nix/store/9vgp0qk9zl0adiyx9z5xwahssw83ls8r-xdp2-rs-0.1.0/bin/xdp2-bench,7.0.1,,
hp2-hp5-x710,hp5,vxlan-k8s-pure.pcap,rust-template,100,1,73,73,73,—,—,14,,,/nix/store/9vgp0qk9zl0adiyx9z5xwahssw83ls8r-xdp2-rs-0.1.0/bin/xdp2-bench,7.0.1,,
hp2-hp5-x710,hp5,vxlan-k8s-pure.pcap,rust-template-simd,100,1,78,78,78,—,—,13,,,/nix/store/9vgp0qk9zl0adiyx9z5xwahssw83ls8r-xdp2-rs-0.1.0/bin/xdp2-bench,7.0.1,,
